W,X,Y,Z
-0.4608579712587862,-0.47665195779336683,-0.2130131317649524,-0.33665770954398017
-1.3263792310141724,-1.1806216409592045,-3.054952840001512,-4.829054140639668
-1.0844503992476429,-0.7421784770179035,-0.8424222440169484,-0.2860565275021203
0.16778266368981215,0.17966832007864933,0.462927129447808,0.4858584791295888
-3.5589348424164666,-2.2912003618005294,-7.463807594951813,-8.981381625199715
3.5281808177816667,2.2186349603657582,7.0525158301708455,7.988698083764502
-0.8316796383855574,-0.418836859184679,-1.6049729938266581,-1.622028508418228
-2.941131119765701,-1.7794572110300417,-5.752646286186683,-6.535729642667558
-0.10469008459249224,-0.024511475114306593,-0.5093509332151716,-0.4977597903021757
2.1471541659138147,1.439854304813832,4.403512317723509,5.627764604897578
0.579210159026476,0.5930053745064184,1.1553352704737303,0.7904039823822921
-2.132626855295447,-2.002550759164917,-5.215329946058503,-6.118090936272672
0.10745995202950576,0.45530807236237936,0.9722268835988729,0.5861056404785178
1.9727509035076904,0.8023881445623873,3.340623060999456,3.7629434559052
1.0564004199412138,0.8387488482240867,1.8813803490901715,1.9794060052529123
-0.771550939713409,0.1261040579999049,-2.077753197301716,-3.2493179975218784
0.45403568523221294,0.24767568433386272,1.2578529433598709,0.8590463248732021
1.6396846326606287,0.7114740837265179,3.34713383696288,4.125021134383296
1.4008528191755785,0.6265727737621747,3.3644201593619814,4.944582398662591
-1.878054739089504,-0.9953097627310968,-4.264298665298405,-4.982242834816254
-2.8542374811368747,-1.447701706624869,-6.304470226452822,-7.8015949730307765
-0.7332347543820923,-0.9416060334186895,-1.5352000243660977,-2.677882856865576
2.473081251738673,0.9538453775190457,5.473263219280664,5.773135122606905
-0.7420208462067381,-0.6753808106698452,-2.573539238351919,-2.950134783712685
-0.9818396669651899,-0.2974927349498736,-2.1002383077607076,-2.2494842520635414
-1.807205574292399,-1.4630002365695975,-3.540723710277994,-3.8315461829647033
-0.3839167615252044,-0.9352996229908441,0.2087448385788282,0.003993760230562748
-0.8496265050317526,-0.2583354735812553,-1.7871384567504314,-2.86429070792906
-1.049013972303211,-0.5385873612697031,-2.517131825066245,-3.263159706429885
1.349255475570696,0.6410329544297098,2.5602847401955184,2.788332066108673
-2.1042348010620624,-1.1616968096879634,-4.293330092776296,-4.893718788991446
-0.4919286505801673,-0.12414314049423038,-0.6325599713071561,-0.7349223967604961
-0.8246905826069393,-0.8286531997066431,-2.076007750893977,-1.9395612000579021
-1.459661661418335,-1.2347698015291775,-2.5990069827645166,-3.3315253365520587
1.464336466007492,0.5542807984685463,2.644825391611506,3.2215577794436565
-0.08035710716103267,-0.09861246466937307,0.39282852974940996,0.7732372449064951
0.6535331904769183,0.04799303579258787,1.1727847583987265,1.4698231218504902
0.8137658646259243,0.251817015137275,1.9070178923856247,2.731065917799078
-0.8966762042555002,-0.5164696051104272,-1.558018775022023,-1.5340672924600525
2.8752323492435763,1.8794739338735174,5.269426545275328,6.0040957979527265
0.08500689089605373,-0.2727614144769844,0.31847641190211745,0.8692931308762537
0.7482959019852488,0.464150990132425,1.919596697295121,1.3755171238670987
-0.8660413413293073,-0.37245972541955186,-0.9429798369131646,-0.33735122018464236
-0.6051622069452925,-0.6532883435223926,-1.138781820314235,-1.4996979738376293
-1.5908573026685593,-0.9232602204850306,-2.8167178323719386,-3.713664912359041
3.290504012948754,2.510499902320412,6.213939105738465,7.52196272786865
-3.019906651975936,-1.6494022074621728,-5.773463365322254,-7.4479728092957105
-0.6699997059495519,-0.16329856181282315,-0.78788616935955,-1.1916889503501602
0.5175722526725923,0.8789631358591761,0.9551895405311042,1.1010349689515362
-1.4737166426248056,-0.5281320475184239,-2.749558065661377,-2.9851899052665676
-0.07780613765187223,-0.10123872640951811,-0.04778541152585297,-0.26623122896347273
0.47079725218908636,0.266814271813915,0.5885470659046663,0.3054641607078369
-2.4793682948668496,-1.1429528120812527,-4.359767254687405,-4.931273817686755
1.1771063135656608,-0.04076037147630769,3.2405876136472096,3.187999357318998
1.4079724057213725,0.9374788462927729,2.145757173346462,2.9461765912985003
1.0786374325826,1.134082005780194,2.2149155162285137,1.986607729267521
-0.35320679133433863,0.07837699436415924,-1.521643029723054,-1.0747148555030561
-1.1531142047516525,-0.9343332901336008,-1.526116789489837,-1.831634774103714
3.22695330512433,1.7482963568850056,7.198077013718155,9.217254357008894
-2.0960530397775137,-1.4465595605225476,-4.368342269879154,-4.054283332981273
-1.8048892869332467,-0.8251951504592023,-3.479502584561229,-4.590170570708764
1.1968828148172785,1.031733316394595,1.6559816667159293,1.5035078084250073
1.015420085623023,0.5865281089261247,1.5646437022016622,1.4277493931845457
2.1945597877606873,1.1286305327099784,4.774064745295238,5.290715669872068
-0.9366062661260359,-0.8929142631550546,-1.9850643527444345,-1.7611397732239844
-1.1142758030237023,-0.5266013789561204,-1.9360548247634828,-2.320409885494601
1.2363003609262346,0.6603878491723473,2.4459004110278504,2.890270508468407
0.5579356212558609,0.3917911546734148,1.1213630898688733,1.1920605540903926
2.7115110731255836,2.2750247265210266,5.208263712365631,5.95689253243928
2.4757179101122655,1.4469406239590712,4.324971837047052,5.273227111463884
-1.772118759970975,-0.6052668009630174,-2.3792032954810534,-4.086514757936454
0.5106842341138516,0.2019963754776127,0.7863643047605918,1.2259606134891632
1.206143178480661,0.9290826255362756,2.952663161778315,2.5642430358539063
0.3812511756189614,0.19941166459497367,1.2693852224514464,1.3051934650678791
0.5409863013385048,0.3053168235967881,0.4839367783462989,-0.10708701901466511
0.19482844380634332,0.004854969094433602,0.5746904199831457,0.9716203060039078
1.491648775514743,0.668389307927141,1.7711270074392276,1.8893774928275304
-2.5495834718999584,-1.6955795771595281,-4.52395665421205,-5.691210745048418
-0.6115550025417542,-0.368746380789414,-0.958355501158011,-0.506800037027184
-1.7411830041512426,-1.4510633529947856,-3.829066068181504,-4.46306697285907
0.9602998680529025,0.23879614031643515,1.5038121472269017,1.7072475823480742
-2.1578574810801947,-1.11131233887495,-4.099975851788071,-5.341571877071145
-0.19823315244491024,-0.18034680859833319,-1.41567647059293,-1.1999755988469074
-0.7376549274331756,-0.28416270027140317,-1.6497679256639994,-2.019261094030163
0.568473443451654,0.14323944633087332,2.0561771482044606,3.22161275073491
0.05259012704335611,0.07361042813464183,0.3651902724849319,0.11727293904530622
-1.193461330494721,-0.757669233717767,-2.035506274570846,-1.8742705308659566
0.6542209961225836,0.5558602940432064,0.9304637427906968,1.3725100122752236
0.1546568249150473,0.3052668354096681,0.3241259314960052,1.0777412125308123
0.7698510231078988,0.30395824007377487,1.5213640199360023,1.0956606039070094
0.599159238129078,-0.13826142983627226,1.1610977389987274,1.9826487373605821
2.864506557545431,1.6767358627488804,5.899193313784427,7.7284569901441085
-0.37536638109305687,-0.22177107664272136,-1.033658417348427,-1.3452209994151607
-0.478328818637465,-0.43956079484249366,-1.435912371745651,-1.5753137107437645
1.0472736416620174,0.6397940915407023,2.760844875004855,3.3774916420661234
2.5034195818256673,1.7040441386113705,3.461133421566887,4.839101919379145
-3.2178295767488105,-1.8899504543581287,-7.167335022555051,-8.340134845378083
-0.23145581260882964,-0.7541600421845488,-0.5705471193113423,-0.3533988127109951
-1.7138207811066715,-0.48067137378819574,-4.190910197969811,-5.429368934235136
1.6355918489047327,1.0243249258203282,3.4615324304884165,4.948005551480476
-0.06817116174909321,0.4354681818304569,-0.7502433193220787,-1.1834431812987374
0.6213827250265833,-0.0630696327058673,0.25399794664440567,0.7932650001325441
-2.124329379618368,-1.2570633684602495,-4.313801364810922,-5.480174162146875
0.32628092641691187,0.32747816202539654,1.4147623570776013,1.5090081159551059
1.623639746582238,0.8808342299979834,3.8616315030157766,4.518487310506768
-4.58868884342413,-2.541367298425712,-9.94569185165174,-12.389117150736933
-1.1370225908757556,-1.0401908760127765,-2.219760032723541,-2.089446012481832
-0.31376329661552493,-0.6398855624506097,-0.2530292684004209,-1.0327322613540615
1.2765741888197122,1.0285752373901655,1.8433128153544742,1.7648992170042204
0.08929997673870399,0.25044648061790653,0.13667585372225605,-0.23528629829838202
1.8409867034547847,1.003003411906728,4.934040971294074,6.0431606237305875
1.8412299264342216,1.01046565485423,4.482679075988079,5.445150365188973
-0.856605133400295,-0.28329998677994256,-0.9563872228945158,-0.6275246175869695
0.1763660518765688,0.0067137033432235005,-0.2710151728155032,-0.41055874189144903
0.8327316276895238,0.5069352271705937,1.6132965063744134,2.596717708484227
-2.9816980433944638,-2.2982006473372154,-6.040220917224964,-7.176270284513903
-0.14218764147138566,-0.10109989350709292,-0.47977612443457013,0.11904488842227423
-0.7553622349389553,-0.5777432310347183,-1.600344353900846,-2.185541619487508
-1.2605318160526726,-0.406469631327647,-1.8967826330066082,-2.050664935392534
-2.0995292243012433,-1.187223235327737,-3.788614416343291,-3.755971937380786
1.199129216695462,0.24111807731443535,1.9554811794169087,1.6983645757267578
2.5430797029235905,1.8047571870561738,4.550501145455343,5.923996849190955
0.5876601279045021,0.4190968520668984,1.3587340712249856,1.478569573238921
-3.4639187739694526,-2.341104218147476,-7.2009000199689215,-9.158662669168004
0.072077799809661,0.2535716636794304,-0.3428515126139373,-0.6560836098316848
-1.3165406222386427,-0.48014730040644227,-1.979887740036193,-1.9023271808933515
-1.5180257729462376,-0.9729596632930444,-2.9717173943874644,-3.9686485554194495
-1.1621475765848965,-0.6425853379239045,-1.9021773967921844,-1.6495103253041816
1.0180343113395232,1.0229225746907222,1.845461148061776,1.8632841037485723
3.6954610993132837,2.3387376170365823,7.353173835359181,8.733811447077516
2.2204133533818795,1.14380800937145,3.8851184982139135,4.616037384186526
1.4953678620216313,1.0423215979964118,2.8190591241765213,3.681538895178086
-0.45897465410663657,-0.06818560194715488,0.044452294265250436,0.4630744934669267
3.0394571674644655,1.961039554750182,6.550804953067392,8.408551207880514
0.5743667255990244,0.2588000303032525,1.4628992698059666,2.85501477845365
0.8111002585150744,0.5799518010556229,1.5081858465768565,1.396206605771939
-4.039375357373348,-2.662245152111882,-7.319876095842201,-8.588558475502115
-0.4823422965685987,-0.11089910198944625,-0.4253042849549221,-0.09928004626057446
-0.6355384145570384,-0.5831916859349746,-0.7204850441171246,-0.5567796754852545
1.7585383612471568,0.5041560217350962,3.088988851266699,3.5301287643869257
-0.30361379267245114,-0.40163415642420724,-0.7168011625618148,-0.5863874555823058
1.226511281485099,1.2159752579058412,2.7815614265577207,3.35706952359885
-0.6488733519666063,-0.12094363646972034,-1.230573576677029,-0.9030934682717312
-0.07270664671747301,0.11346822223844516,0.38852137898288996,-0.018954119028911642
0.9522063183656224,1.0898705498007324,1.4896858301795206,2.398714117207121
0.3386887756369953,0.028462674403814992,1.3627523863160698,1.790230817817991
-0.3497523002583108,-0.48825972622707886,-1.399007974282826,-1.5540989384213222
0.3870611553535419,0.7556980065250145,0.5639488312037181,1.0343596242253335
0.21569263782534054,0.877596072280247,0.5957151132062191,0.46838664217850434
-1.0986525853030524,-0.9830184489625131,-2.1321770607294823,-2.25034703161574
-2.62697478490701,-2.098097831143832,-5.321270485411547,-6.020591095157818
1.713847175043209,0.8695837953044269,4.229975370413051,4.720191924030878
0.2660177369903082,-0.06909106768483993,0.6158230325780589,0.2793506590280813
0.9114992302485461,0.28387632446888816,1.3753418193538236,1.798512205739566
-2.0075689345462036,-1.7092605969728383,-3.558995166187074,-4.695309389927378
-3.575206754381284,-2.4161780310160803,-6.872342017983096,-8.160478363517525
0.6138884939064927,0.61386801337629,1.0000078238219454,0.9859821086116338
-1.9301940739026349,-1.3292437562259625,-3.2539362071424063,-4.009371508981009
-1.452273382070591,-0.9235753609500459,-3.16515554880018,-3.9261973496589406
0.3168808388732113,0.09747370503394798,0.17846962468976174,0.5452705589883021
-0.34961916993822406,-0.3515411327216742,-0.17246230622663916,-0.4410947355374697
1.64332970985204,0.790302000999858,3.065527566038385,2.7927990496734627
-1.6182751289375177,-1.2428285265841923,-2.6719311137595456,-3.5385364871607035
1.823543426363244,0.5222058145460845,3.5438370995719644,5.0072854094860855
-4.401672212907413,-2.9073968644319574,-8.713222303631179,-10.190349037675983
-1.0173764353700878,-0.8767393675450936,-2.550014627301007,-2.078746762117234
-2.3534379658514477,-1.745918913259316,-5.406887758570671,-5.694994604301028
0.1091018314648717,0.19315210639609706,-0.009466220399967834,-0.4883204872749469
-0.3287342297813367,-0.24538411821465553,-0.5801016956215221,-0.6931623516787316
0.7144334944584158,1.00195769074899,1.091202471840787,0.6894323686033493
1.7979666810651804,0.8875637307807742,4.038103851992464,5.2327070091611745
-0.8653181355051842,-0.5244179040450943,-1.2343739678578352,-1.1432918732001984
-3.586357811805823,-2.7402665166321483,-6.378738394582972,-6.57905037926271
0.36502003687378126,0.4187118631725082,0.5715086276181264,0.24011559743610972
0.39376114206055757,0.16930352243026928,0.15069427840967853,-0.5959711119648583
1.0128327147992482,0.17625233961478787,2.2691539500042617,2.732906731749479
-1.4677986715553628,-0.047477118160055995,-3.417279337703039,-3.532882540711892
2.151781127506092,1.105685186418588,4.983294481091578,5.8181547436624825
1.321770695598592,1.3018971398577068,2.541669699789531,2.5494329670807327
-1.344483774057337,-0.6248964086131099,-3.5236773796107284,-4.129905552580877
4.278316426279688,2.7288326880266958,8.11220431044096,10.310946292964658
1.357302908901068,0.6617331963487199,2.2601989017830184,2.8451087255339442
2.7209691025142715,2.143195308626274,5.062516411344083,5.363490059484068
0.4738238385833343,0.437431936672755,1.4599900431613793,0.7913773257064809
-0.6942658366427119,-0.28296910297176814,-1.3831100586228156,-0.9526650217318056
3.4371723422799496,2.042643336010516,6.07808204118708,7.398533630132124
-3.2380344450082297,-1.614869652978414,-6.588508325095538,-7.723054040139926
0.6511438948545258,-0.3813131861732987,0.7655909472899605,0.46447761650271807
2.2057008592190703,1.212597741542393,4.063285429803944,4.9955443072102295
-1.324651996432302,-1.0206048778524264,-2.323155551731534,-2.6283248749182317
-0.09214286386816048,-0.13401745921965363,0.18361059884078373,0.25503615420878994
-0.9078152253172443,-0.2353623689983876,-1.7670490441806914,-2.2865655882238243
-2.250164001283693,-1.032818227931419,-4.172838270646034,-4.699311502186922
0.33897241763019426,-0.13691140242479816,1.2261903622002297,0.8960908350755912
2.2234814334127226,1.5293064326375303,4.590789903514976,5.677737908351975
-0.538349401286923,-0.35838379700432754,-0.799666457164945,-1.0610799673631233
0.22621693413553778,0.549722039760023,0.7570994429590909,0.90368472828525
-0.8518419166784568,-0.6049017352308695,-1.5993776215661828,-1.4166009619824378
2.051417533963786,1.021980434319595,3.976460459072999,4.841030435296823
-1.8971768309359351,-0.4507268217765946,-4.144353513970433,-4.904483900774204
-0.27625280617702996,-0.1714394926504714,-1.2935892321486706,-2.056095929572024
0.2688175640245234,0.4589316995587664,-0.026502994754745934,-0.2099558902287938
-0.1491442463619959,-0.09569576904223215,-0.36121331029621156,-0.9109596542442545
-0.174256114731965,0.10069258610733736,-0.23312328084349954,-0.9433087117493086
0.7309876537077169,0.9756667346246342,2.169696626264451,1.7206458623917014
3.3045288303110913,2.3009711953900998,7.2270455103059605,8.589859713035008
-2.5389387426014203,-1.4913308274101522,-5.076223712955219,-6.541059891143397
0.5490644153088577,-0.31251851237470846,0.9691129606556754,1.7283988098594345
0.47768095298228397,0.45538762263607724,0.8790092279238725,1.5342420656975146
-2.1164259994279417,-1.9960619467831577,-3.648952839617496,-4.553160089546992
-1.5840555558581297,-0.7955812683900586,-3.549715192276688,-3.9420108934224447
-0.2754195190396369,-0.42314858155662505,-0.7702944192526131,-1.5102238254347191
0.22595048551775998,0.7276511802408432,0.9268932895771282,1.6158079692858582
-1.1596674913048377,-0.8836967513995531,-2.0205647512089824,-3.0175398073292823
1.766940046577425,0.8815066652120916,3.5259055550696248,3.7917903988545234
-2.3870718858070172,-1.580709817836695,-4.827951393092537,-5.636948729288047
2.144816721372195,1.0741513201327297,4.376101229495331,5.398051194271142
1.6419633463040793,0.6679741508099867,3.7989144803398545,3.851432328204468
1.895530232030189,1.2730500257116801,4.04924010360908,4.802788995778322
-0.9036283650723468,-0.8235944052701005,-2.432537332134264,-2.87224318197111
-0.035537442459445456,0.5298713857521732,-0.5562879562035908,-0.7495474221320992
0.4925071741884356,0.888049461915177,1.296187355541658,1.8625295653187972
1.7151343278483564,1.3899138378894744,3.9600807586782234,4.226123994197039
-4.098868072391592,-2.627062007297527,-7.854716967514154,-8.81315610386791
-0.08631413549815178,0.09305424040404321,0.47076355318750257,1.4824676392400682
2.1036861590524443,1.762687788288607,3.773496307217306,4.248278566261213
1.5926496491055242,0.7086851097248296,3.296163877151174,3.6860856078672266
1.230898435285585,0.7570318560084167,2.8010384196859897,2.843716299256513
-2.2715482359900943,-1.3728925915226269,-4.164555804662622,-4.439393003100076
-4.116269288883276,-2.1650200428781363,-8.002994573693512,-9.061592838257816
1.3058044448263795,0.5847052301961343,2.797923866160356,3.2227723537963
-0.8343400484738646,-1.4108267660304847,-1.5946943514004657,-0.7800944819053264
3.3910978941870935,2.1784771887413408,6.849341810712984,8.413213586421083
-2.0901111297617563,-1.3245813030023692,-3.947084418379997,-4.969621410719743
-0.3917756478953277,-0.3633674666986794,-0.14114779062819427,-0.011975945533037852
-0.2016179540620372,-0.055808204954899736,-0.2788020354925818,-1.0591831838221129
-1.0665189871119436,-0.4415003122009995,-2.714344306155652,-3.5631963869608256
1.6702306447111184,0.7499160382116777,3.3173008145899217,4.373300899477918
-1.355608966173624,-1.1414871285901578,-2.4277197629879526,-2.4452359782941397
0.04403191690823938,0.5007931804214043,0.28514559913725845,0.22969210203360246
-0.12437096889181398,-0.8242707749777801,0.27946366332966355,0.23876275337283479
0.29118884203243045,0.6457405719421252,0.23981004538836237,0.6851747731494224
1.4042468536132389,1.0441547746986113,3.1672768864532825,3.662365911835426
0.43786535285783773,0.5872025765958049,0.8682383972942215,0.8834736696672255
2.102419286928483,1.4815112600323392,4.7189056614884795,5.036389494336792
0.7314645936150636,0.07300405416498232,1.799822754794529,3.1939480935610556
5.096397133016813,3.2123956871904418,10.486341370375388,12.64791905550143
0.4633800266035837,0.20011399201814106,1.340120231941784,2.0662880287241
-0.12236220025832345,0.3056173100437331,-0.43397346430362566,-0.41589306036301377
1.6589180036986584,1.1050425346959445,3.9200235422936096,5.540244448251684
2.6663006310959867,1.1787609336743106,5.445260469453801,6.4835902514705746
0.5114116576856296,-0.3314594593398631,1.2602512764168579,1.3034970697661907
-0.8718497154061423,-0.42713004721108416,-2.1153655680306214,-2.274954134470569
-0.3079039547352482,-0.27385056500240956,-0.7803040281963174,-1.3867809969804235
4.3470076453720585,2.7683026577540106,7.802256444129077,9.86362469358063
-1.6906633810537173,-1.0856755069035593,-3.0761082494941827,-4.04373489572911
0.8224532525503129,0.5151911037962112,0.9133914773691831,1.4346066535144422
0.4739390003602596,0.44994914410686826,-0.30591701327863197,-0.8309872019214304
1.8973235761163514,1.1523892359240078,3.6893210777990015,4.4372045496562835
-1.3470722241419588,-0.7630701062138613,-2.8122709896442863,-3.785447849410402
0.43117097021565,0.3538390935814192,0.5138197065823131,0.2555787082062044
-2.1621832091911553,-1.065587013673462,-4.227885645480022,-4.94638285971715
1.0542116534678465,0.39325913245074134,1.8244447358862261,2.4618273976543206
2.812600452964844,1.934740692188275,5.447297373164334,6.46808570149632
-1.918217869857983,-1.37471375796313,-4.092822680161227,-4.207760672685653
1.7637827011060516,1.5117059982927685,3.438083808011639,3.79027768514804
1.124926401288855,0.2419539737397851,1.1427907836399294,1.9598840014962795
3.4605706075790095,2.078864754859405,7.645870447812586,9.016551372090575
0.5758576059038716,0.5939670147167039,1.1734646479568691,2.4340061857869717
-0.9388207605691425,-0.9173932055747214,-1.5044225023183664,-1.3757430348611333
0.7929364349467234,0.7734214007084903,1.638738668647793,2.220056576303466
0.06238261756197727,0.4438964267305945,0.8139667159591649,1.3574284989654561
1.0474786667183666,0.7364567552736975,2.672342257726071,3.2873919920110164
-1.0038598421304727,-0.45611596856224723,-1.9086685206749752,-2.4672390908704225
-0.426310771772643,0.05134194852056727,-1.058831099506568,-1.3769465231490552
3.195918810041018,2.186720727413743,6.41094891491162,7.80922624768875
3.3607141360384376,2.0651828258068816,7.244901501352708,8.295013752216745
1.3879935167429924,0.5954794697149435,3.20407700986591,4.161283792544891
1.6337818620262212,1.1528554758661935,3.8091516032829893,4.965811384446887
-1.4118525248405003,-0.08377917874598786,-2.6450140220839895,-1.845270337454832
0.9509831362707283,-0.19657635266435217,2.1422540746635677,3.1596240801869646
0.5910765377156378,0.8232734260448297,1.0988541844607556,1.4111418061717245
-0.999458099874492,-0.8628888307048189,-2.003580414489064,-2.11502128068375
1.7808384359971092,1.09770737101964,4.317716862829144,4.287138524436911
0.502011851745277,0.23182693962512477,0.5875278218099083,0.03200482305715224
1.774481974571184,1.516328481880208,3.2094575078930383,4.683508287264913
0.3020937894894364,-0.23548284803028266,-0.10245001460415393,-0.16559757997559782
1.5694915626505392,1.3082046005044228,3.30662798785063,3.7022139847743016
-0.6519860783559888,-0.2252727184198644,-2.376252280808103,-1.9134208662776375
-0.48594631249744186,0.016783078167985233,-1.087701755885158,-2.066414850786688
-1.0964101953060639,-0.50274724304611,-2.4325842096739922,-2.808114563172155
-1.420564961686924,-0.6796280215898161,-2.6420469560649598,-3.3013361514052946
-1.788267815601618,-0.24083981300782964,-2.8106695217350985,-2.901607588542991
1.8327428919868074,0.940742096060374,3.583033176856452,4.1846103113384885
1.1686983001953273,0.9241567618147855,2.648149381242259,2.491943861166227
1.703693978786321,0.9933174060330234,3.250462023620226,5.017117232755263
-1.293233676305828,-1.339748948627111,-2.7472378625623746,-2.8935635725362068
2.822586366551003,1.857812514720699,5.490546122987981,6.357637431810537
1.5328939861593949,0.995944970954292,4.016598019657634,4.250851934586407
-0.825803218898439,-0.7337851296225992,-1.1918891800061966,-0.3143586479919347
-2.2427515603985198,-1.1660021929944233,-4.738773832989991,-4.574044370208626
-1.3784539826271716,-0.556030332055705,-2.190442579051773,-2.9332408927169364
-0.3270127594013618,-0.03522967009252927,-0.8084180478109916,-0.12411634859954868
-1.0522992996004306,-0.6610211378461051,-1.7910104942927438,-1.8594326555974428
1.0021777617917151,0.8757922423992733,2.151024711499236,3.155370470911687
0.43836906675130205,0.3779429189418382,0.44398062900349394,0.7470335662498455
-0.9178097182976027,-1.0746593913107572,-1.421847236469973,-1.9663733057003245
0.730634423706169,0.09552276071467622,1.5934601617615702,1.90963621295571
1.0620629810790891,0.9286563577225718,2.679658286122241,3.061382051587753
2.633362058876776,1.2268478026318022,5.517151599937355,6.858114314601639
-0.2568208805991965,-0.8823646405094612,-0.9920803842009627,-0.7700020231904297
2.4079022155656156,1.736817111722629,5.280624024122711,6.680567119428143
-0.53878018644466,-0.6834774047215925,-1.460867244965626,-1.5557523480061446
1.343337482692205,0.8100147212635141,2.838732302524002,3.2302676326880024
-2.469571179585508,-1.52140880735005,-4.735983221676873,-5.795108424275398
-0.692665859765932,-0.6769723798469024,-0.82959761163948,-0.5120217347067895
0.0610693242177357,0.285863997804576,-0.6486194452832751,-0.5137410401970215
-1.2319466400044357,-0.711625749844414,-2.796691829491427,-3.6759497181593574
0.8807722626437875,0.06845068737423803,2.0909093478520853,3.621244559648356
-2.2982291440674762,-1.4513970173037816,-4.160305467214503,-4.69072408972956
1.6037829480977603,1.0296690492690195,2.7517471463513514,2.6139627202446234
2.2886642890230395,1.2378498523564327,3.4774665247033374,3.972832237036858
-0.11324437621485,0.26228859938701354,0.10319116984000998,0.10072034638248438
0.661942186911863,0.5882165472406331,1.654211768365339,2.09301026409514
1.9423380973282258,1.2666955354686147,3.5560910110475343,4.429243424356684
-2.0802314315825665,-0.9407222382216193,-4.1240691970751895,-4.868787474142544
-3.4245175484266244,-2.461910851642084,-6.603818799764456,-8.099512510408578
1.4799181049572805,1.006178417901039,3.0641853024767705,3.665076737811982
-0.6796450007540772,-0.16566961900756347,-0.9508589250181949,-0.7466542034153859
1.156938004374498,0.6624927061060225,2.1397666096843526,2.785133807905877
0.6648924230378956,1.2177156034299608,1.811473103571318,2.5180530071501677
-0.5310049086699868,-0.6178091764654934,0.46380759290988904,1.2577459432592146
-0.17056166036783127,-0.19880352366288748,-0.5657903331753997,-0.4214838288338361
-0.36733452948311485,-0.8315580612191253,-0.8067300269584113,-1.0047040440783572
1.9283079402027354,1.0640219187689086,2.9431644216073316,3.55587289977207
-1.5452749683192784,-0.9960172462129325,-3.5358129085212617,-3.7483997953200494
-0.721482242808045,0.20350383494516633,-1.3125971344959448,-1.7535171647326004
1.6976812743059564,0.9329722067293356,3.7450364864331864,5.2856708341650265
-0.11113877838639241,0.5069988873061626,0.38354346510429593,0.5979682576353321
2.5122516403443336,1.3402127622749123,4.840815225575018,6.366136117757865
0.2845517764000224,0.5643694437028751,1.0308364284031133,1.0667282487107095
1.5773099135215847,0.8846682749527472,4.3209806732216,5.069291631929452
-1.2943419718312255,-0.9626052491607104,-1.955249482525096,-1.7366674588241442
-1.2711414850593186,-0.2210737088697026,-2.5146822820192773,-2.702485057920841
1.1183788938651076,0.940069169659959,1.6330210029196026,2.4505077119423
0.010564060778521685,-0.03667041683756388,-0.19853240313104048,0.5646874794972248
-0.11420641738894172,0.19240549378176408,0.19442836802782543,-0.20037829940462507
-1.4054610564612602,-0.39414762104201095,-3.4386577553416102,-4.863965706208913
-1.12445548040402,-0.8418297081284873,-2.846566094909877,-3.3024360338724636
-1.7289264050447777,-1.40698013947233,-3.3164566614855975,-4.269255672505612
-0.7369678118302029,-0.545572486455008,-1.3952503021048495,-1.3112086629263862
-1.1666920054566476,-0.9676314020122816,-1.8898098040656928,-2.709671249291937
1.6692873136403523,1.0675754539173836,3.7533557498646175,4.835465276644448
0.3070349910299056,0.11451757304550632,0.7657824362277252,1.128363017202408
1.7902179277010655,1.3087119020785136,2.9762151115275968,3.3181250282783177
-0.48547072530750246,-0.41165882179699176,-1.1363411144178688,-1.2676950236632636
-1.3508763276962843,-0.9870125255706166,-2.919145879747946,-4.231059977858016
0.34102468813853215,0.8243456166293647,0.9453601298376231,1.865456959727485
-0.5146838751301814,-0.09968203993209401,-1.180093513297108,-1.8976890661377808
-1.925954943965822,-1.0399196817962852,-3.86333785294588,-4.150669961649452
2.325556396738396,1.3720289685733114,4.710566900586523,5.369183019247123
0.7959589421009576,0.03574666967699418,1.6088213611533444,1.367836002719407
-1.383553561785664,-1.0071380579588285,-2.9196361161368247,-3.794066807596959
-2.099408690290969,-0.9799025859605758,-3.7190742998808233,-4.178836911753018
0.26396818292493907,-0.05388411250921851,0.023462251612211493,0.7859097526348708
1.8023350912457472,1.0602929396279435,4.117512885320822,4.653396689763664
0.8963267477895736,0.6944795974305599,2.965252692294456,4.098963314635252
-0.6893956192455315,-0.07096874023307202,-1.0585336665213876,-1.5295135451952784
0.44404062947788125,0.2924916512991985,1.4748647487479172,2.164768600675335
2.3357854876018975,1.5090790683038535,5.243337012977428,5.862358148566814
-0.7355010922565636,-0.388230749022519,-1.339357849301737,-0.40515742446296943
0.5315489168076304,0.3085261318007915,2.314398509195593,2.958620153423047
2.9818597539303533,1.823081945393319,5.840808174182392,6.399493708552401
-1.2304621779267304,-0.7726939280020297,-2.9324121487239054,-4.062390271571073
-0.7276628284505685,-0.31505536201050727,-1.3375497709240483,-1.7076667714099658
-1.726553618514163,-0.7631900995852012,-3.5483865282986127,-4.897693552748899
1.8619544851703145,0.8234904487765553,4.279708429544547,6.0271216464199
1.868036077171452,0.9498927582588811,3.0777056329414716,3.9301146305059116
-2.321229296003119,-0.904936948432372,-4.332208960310034,-3.9884935814944233
-0.21514874414327095,-0.05020908552073875,0.13034332046368624,0.8016946923282531
0.8569304094324833,0.6084695620723737,1.0274794827939795,1.2895905780374497
0.36631716741057935,0.009764008152380795,0.5085767238378839,0.9393855692127119
-0.9132837386231463,-0.7088815747641288,-1.5153048908113145,-2.1527045268519354
0.01318641092149142,0.6988006845145524,-0.32388621271110585,-0.563719923347804
0.16082555586621788,0.012571130293948086,0.6791564883544163,1.4492260517817521
1.7718850346109443,1.1772634515358034,2.602371986445962,3.483216068332622
1.4128407450980196,0.8924593047132434,2.658080708452433,3.3295609525405734
-1.1025014617092421,-0.403605717524996,-3.1647834070851824,-3.3843038305162025
-0.7854853051189683,-0.3595460700532523,-1.643312512273642,-2.4886167278563525
-2.060026755336487,-0.713837440641137,-3.9901771815472493,-4.687516738487904
3.62862227898326,1.8102161871540177,7.50899083395596,8.33816721041686
0.9621539321317547,0.7284608824517566,1.8208732404201644,2.1142896881684603
1.7336765925584712,1.326571100641351,3.6123889374629083,4.492883773577207
1.070936003759648,0.9262502638931901,1.5100641165426516,1.3571422971429286
1.1793932544090127,1.0094710414005996,2.567296044290315,3.361380638453798
0.7561326694189952,1.275792549413173,1.9610845954510032,1.0024751047871574
-0.0718825759667363,0.6732422548399964,-0.28586875690773417,-0.13696408422041056
0.014258388163474467,-0.36413434274076034,-0.24296917385977518,-0.3501676736619229
1.3414908811412913,0.8346482793722052,2.016860457909063,3.5449488840093846
1.0652043486968614,0.33704281592762936,3.0068996235873673,3.6155864694463604
-1.0434927105099012,-0.32742936353307184,-1.7322219140686688,-2.5486531604259617
1.7533285685868591,1.0730849083261484,3.245123733771248,4.534513877857555
1.575208526915086,0.8196086431982863,2.3122006949305867,2.6677472872439165
-1.1683077716519952,-0.3156914700845513,-1.4285933450731712,-0.9849007996980698
0.7996872652492444,0.12672628099809324,1.3400670630034772,0.9436774472428576
-0.6410374003481183,-0.43249950796555414,-0.9029859678264259,-1.070929354970246
-1.521333405225716,-1.3908277231716382,-3.873546610149816,-3.8458320548468783
1.041853197112419,-0.0933919487931798,1.35455079554318,1.4565814598196691
1.1444407774550696,0.45446864707383583,1.5261846474645564,2.286162901767985
-1.2934459641954614,-1.3152931765449907,-2.6232422033021217,-3.240693613621704
1.7789645856001155,0.96256291042034,3.386038270640474,3.1623898853911716
0.9086474596509101,1.1344923459691114,1.3234930546950812,1.5747445819828683
1.4574866654088208,0.7957895273409678,2.612500801686248,4.352144879356963
0.19288866899029022,0.5603640759581742,0.03226324217970733,0.1158402664022612
-2.461332458795819,-1.9350334952326806,-5.22967610626088,-6.408381697249757
1.5906007323883782,1.2566374134368725,3.5334768545979203,4.125253852749399
3.14085977403753,1.4320899620991836,6.6515581022871455,7.985762201258538
0.5768029281556661,0.6773420622950692,1.319459379993788,1.0612857457950808
0.4405120420121238,0.029834710398965427,1.0735869850340871,1.059162817748631
-2.296848427097334,-1.199730710521455,-4.470538241629599,-4.303112160412223
0.2786524369109371,0.20961390387989476,0.07930471461709754,0.25870480200770274
-0.051710252690556735,-0.46372699809832413,0.5421523277493694,0.6410740201745145
-2.0236677013185513,-1.0976243659314815,-4.074428754921594,-4.355456187846085
1.1591492621408104,0.41794426765700343,2.8517236577718195,3.4705193167223554
1.5886648213332046,0.7722484054493466,3.4313451043685848,3.5171460936217684
0.04897399198011257,0.09036072074851934,-0.4443264672313046,-1.4387754461360323
2.3894765458800684,0.8321573610110742,5.256283606317768,5.799520893853613
3.3055033000845784,1.8892033103068542,6.141087736097748,7.210357820745663
-0.02216095225610401,0.13790009505195105,0.1427851202446901,0.00543283989124585
0.46468229724795634,0.30027696627318345,0.3132044697774906,0.6641380514660744
1.2488935332423408,0.9226312504374592,2.1026892150327328,2.0834810807630033
-2.532151125246058,-1.0493639732176487,-4.988861712539195,-5.772097992083055
-0.4986156148394019,0.15373799970068028,0.19923066230305564,0.1675288414650466
-3.356506599797965,-2.019854998847501,-6.7243918272444345,-7.764218637419196
-0.341104488101054,-0.33517574469056377,-0.9481243473711713,-1.4659741031157152
2.807454203053739,0.9195404753837024,5.4992521764842515,6.161151994391834
-1.496401663025753,-0.9153647986445559,-2.151878247977954,-3.6575099785976075
0.8504307973057414,0.43305230341308937,1.3960105619769905,1.560165146249434
-1.144691955665854,-0.8684981728235751,-2.2455092050161114,-2.2633776849434923
-0.8334327203841061,-0.5781373628220962,-2.051492373323738,-2.960927709421375
-0.4771856812449977,-0.89230381608666,-0.7562459842317082,-0.5921699119880137
0.4449462266297272,0.1979062047592914,1.4119685423424526,1.0278530361628788
-1.9228175956553555,-1.6821088214578226,-3.393134465239015,-3.1807043084227757
0.9462157197954081,0.8656142635341051,2.504174650960779,3.1115058379033353
0.007405504886917935,-0.6433864331584622,0.8048508157299634,0.7307977747855603
-1.1233161813957269,-0.3306167403554839,-2.48953945644653,-3.580410053128266
-1.1252412877775642,-0.5081967341805596,-1.707828202646131,-2.163872400380765
1.4517566594337092,0.9378929546626502,3.0342908982022943,3.043397073505608
-0.6187456470948406,-0.6735753798581178,-1.9705234416588548,-1.8682351078309007
-0.0801187913179553,-0.6331859641268652,-0.4416603654480067,-0.7470506914922324
-2.051680156739394,-1.3172121116417062,-5.011241516359786,-7.073010383655145
1.7704055997827823,1.3556309703117402,3.427816753112337,4.318684016211909
-3.1205900924385657,-2.0982548419609026,-5.926924232668748,-7.5725465425264655
-0.6692103748471119,-0.09218061132230694,-1.192745354793714,-1.6500853461228933
-0.9316174653011273,-0.2724265903275939,-1.7305869388621864,-2.5837072656133757
3.641267686593891,2.4191709400512345,7.502275453170958,8.68635366145583
0.7310286607898262,0.23380643516677857,1.6895779006632163,1.4234462176231653
1.1260750101550996,0.32613391462892677,1.963531487061843,2.409719530458607
1.3342795884968337,1.2858028500912086,1.9700598472864939,2.3663248792884763
-2.7616623540613685,-1.9963054119219645,-5.44256911097297,-6.30987938822686
0.7099918031055353,0.5517406045393065,1.5399607446075159,1.3195316571290916
-0.38359233060052567,-0.5003356517957495,-0.27708055653915054,-1.1756167767878958
0.10903675259389134,0.07093309981388306,0.3777463516948461,0.46765073393877793
-1.0447279516718213,-0.416710280801803,-1.6526727399936572,-1.9219636063663152
-0.7808484035174009,-0.21450587015374487,-1.342033280394863,-1.8601679835886133
-0.2801953772411634,-0.316804336794878,-0.7705632095036778,-0.8421598198917795
-1.809462859989073,-1.1895887953646924,-3.6006579796426865,-4.259314272136114
0.8726336217065401,1.1224187346873646,1.8663117684171655,3.0138851289851885
0.2960368471864194,-0.6924448925895041,0.5601195633471929,0.9423414691975431
0.3828583623444105,0.16923932523820748,0.9629881016930308,1.2976674879996244
-0.2016037659489891,0.1930426233069115,-0.12873082638319955,-0.0854627852112562
1.5101609720161275,0.8978871285033385,2.924604295469588,3.397079604405556
0.5526683842185475,0.2601237861677514,1.088675716623299,1.7802026497287349
2.207190263364501,1.8829612287862407,4.99626487989703,5.932322342956972
-0.933290363056465,-0.6579769658248941,-2.350856278777647,-2.5553814983698704
-0.1163950529229898,0.34931578792354756,-0.32512018583751207,0.7072398450190354
3.251104382276217,1.696138139061356,6.293684785495015,7.9982938485322865
-2.9478828135640027,-1.8421568870872373,-5.96847113155162,-7.7343653268023305
2.048713960692104,1.018385215483154,4.368053865844047,5.341070704558519
2.8017709867585934,1.4342280264864058,4.643780698610473,6.310762094983501
0.1831293175759443,-0.022128239825418058,1.0161574755296159,1.7142013984747935
-2.1879125084632416,-0.7312101219260624,-5.073844397610283,-6.472736728461058
1.0122509827055879,1.0745838344267862,2.8641282798614367,2.4863205347503956
0.4333056064617128,0.40762737278830474,0.516713753763705,0.626673049949611
0.7740062088425272,0.37263649036010377,1.913603493577895,2.453718936268416
-1.1196650935274535,-0.3018388391661111,-2.0551645770451312,-2.191608306466605
-1.9523094971165147,-1.050999778435717,-3.5347300474725256,-4.176959898596507
1.2426555044280072,0.39100257005119143,2.7440147041567235,4.133117929666295
2.710486112326047,1.4539077592771106,4.642354804730809,5.717640738866939
-0.609482641922183,-0.46673550061606567,-0.6771885279399158,-0.7585112045026658
-2.6614026522303957,-1.6324500883741853,-5.451611788593746,-5.755108832606815
-0.3204956962649774,-0.5435854535687238,-0.10918339882892647,-0.216008035108808
0.003292525171796762,-0.09169547362473907,0.30774461348304694,0.06114554939271871
0.5854688570733568,0.17942567760299327,1.1794943159085955,1.923993967316171
0.5565957829769099,0.30517137538693695,0.7047820046648607,1.2955677222929485
-1.8817218074926405,-0.8198240445445966,-3.395690428412873,-3.5246930851041665
-0.11263214496272311,-0.7133643405220993,-0.6167205968158463,-0.09552360984653052
-1.443481689396014,-0.5201424391574665,-2.5652877873232427,-2.774500839658497
-0.3615247753498929,-0.7788676112278351,-0.7837151409347068,-2.061069426454067
-0.6739811979442855,0.06744378273327249,-1.1960858740287512,-2.411545986393252
-1.523968775335078,-0.9383499943862778,-3.2984480786089567,-3.484705610344457
1.5062212967951984,0.7878265250165659,3.709871212555088,5.286297741441363
0.1533641841724302,-0.30232770908414863,0.12708599276035876,-0.678962661335859
-2.173600592906598,-1.716253494029098,-4.05102542731806,-3.6248129156542657
-0.014084434502866894,0.3790015976758221,0.5409650089955333,1.0571153959263782
-2.34964626356682,-1.0590089137329368,-5.034242291270276,-5.159345627750271
-0.07201139058489028,0.16399586143942185,-0.22169786985496256,-1.1370544379174108
0.6067132716110717,0.779014128492064,1.9789522532917745,1.7945265250285094
0.8873294879190787,0.4024990243608143,1.4055672361256706,1.7419538035742768
-0.8151355130103044,-0.37337896073248494,-1.518137612326491,-2.3209542837798134
1.5064535116304199,0.17885463447228947,3.155626778538916,3.3349660537366903
-0.2906629113212814,-0.35985183286678757,-1.398048203720367,-1.4060744846139879
0.2685829140725353,-0.13224725212604277,0.9327769107805055,0.9662116964473032
-0.3134825616980227,-0.7273441905187464,-0.6915020273217685,0.00015357354278888735
3.4824521531390746,2.0391302515412284,6.830928106411085,8.209204788005094
0.20056189124742108,0.01282046983779847,0.2507657123750827,-0.23979430668226925
-0.922830593702111,-1.138961246763782,-2.3379483830374665,-1.7104855021093734
-1.6014743578671644,-1.0619538993642852,-4.0375297981301825,-4.482628988784595
-0.3130757142574141,0.6785921274573822,0.10223639017759867,0.35577345748071965
0.8324791311401442,1.1988158789455836,1.6925591345227815,1.7914466414820118
0.39012037721237286,0.27963481755344644,0.3404926182188734,0.6411134393490552
-0.5127565721066467,-0.2952154333200502,-0.35762662359163633,-0.41909090775809194
-2.827659606702362,-1.906495810481221,-5.492604076687159,-5.681938659477957
0.46238941624785856,0.1931796874005751,0.961683458789289,1.1037307896030306
2.081718460605958,0.8884658095834179,4.92505375838325,5.670133692249367
-0.5881484902821812,-0.7063512182325193,-1.6636322753359696,-1.8190047295404388
-1.7124672724407524,-1.059629373631779,-3.7926374812118677,-4.750832706430245
2.457101088057864,1.7719033039850345,4.658304032544457,5.421235191404236
2.090600996553768,0.8997933646105514,4.6098498033736295,4.279786798273652
0.9816070596296539,0.689055605753095,1.6847655881490267,2.6340545356147054
-0.06067328579736997,0.40169145324160593,-0.8278234242037336,-0.5649447365530066
1.760656504714163,1.525113847811573,2.223232301009526,2.4106770674216422
1.3936361992147774,0.7406128007985138,2.823659633983386,3.0766160228904895
1.2969387057350832,0.02329230726066135,2.6261236673603428,3.8639451391332997
3.1013944914730485,2.324685078149132,5.961643350322149,6.67152498969141
-0.45010918017139456,-0.11847214840280962,-1.0169634059515678,-1.8139196666465096
0.4937975815874274,0.6605370518950084,0.1039822291011574,0.3491994111594072
1.1607449134157477,0.803772302412813,2.6054729240523287,2.65023887655933
1.4037748969748445,1.0016848447304794,2.3766545879253087,2.45621128635746
0.9995230460111171,0.31265827317255834,2.3186679110978083,2.6107973073964748
0.5829069434763471,-0.06553732346083924,1.7662683336965193,1.5903606678462152
-0.7190045419036191,-0.7981409063295156,-1.6022297812376796,-1.7755084336016658
1.6739346436729967,1.0456721579346953,3.1942164355918243,3.2723953348988024
1.9216949893308992,0.9495853482338794,4.217082721072353,4.512280841210623
2.2142293462849665,1.0416612998770816,4.972149593823565,6.012099557083908
-3.606560335996046,-2.4075159822300343,-6.710174319992827,-8.590287115348033
2.6314754935410525,1.869978095458955,6.1467244122416025,7.480752763626631
3.0837973605961517,1.7069576737909395,6.447083126904954,8.27954043746167
1.1850057282557722,0.7884506233171767,1.237299437338674,0.7464697554820753
-0.015340077134247343,-0.672615183893264,-0.33680624215065347,0.2164269180332754
-2.35278470914533,-1.1953542372247539,-5.227304875146415,-6.706038913246889
-1.2204736365802864,-0.5355407084062822,-2.534795221951891,-3.015791239096555
1.5460398557849024,1.0878138809463587,2.8095689017635967,3.5209912454756394
1.7065772149441218,0.30457361734720806,4.134384868765735,4.6506886013939805
0.8688269004318729,0.8162393714492254,1.3948342015225301,1.5322273795856933
0.5313978235192981,-0.00040641187800992363,2.1145317127760412,3.6272074359855715
-1.6077900441658546,-1.0242116723672336,-3.0098699604331336,-3.3075815242334694
0.8032670834313929,0.3735066292201658,2.5167956235712703,3.9381800196010586
1.39668936524572,0.4541391171431787,2.6561486194858484,3.4321950387895526
3.59765021178819,2.239116622159658,7.1975118348942075,8.259139126751048
0.5435439997942144,0.263369255887278,1.6743271590920337,2.206273886450957
1.3134576970793022,0.5026790950112563,2.0724944227304967,2.850581192588257
-3.2065247333125546,-1.8306822597380832,-6.066802019476091,-7.388232289286428
-0.3719836080733203,0.327466954664332,-0.3579631596110073,-0.7384041514257296
0.4642162311224025,0.45686786535358265,1.0215786848426158,1.0022708013076742
2.2674111496492326,1.3792937353223822,4.518763709178767,5.8233854613118705
0.25313858983394455,0.3849431020679573,1.1139014870986281,1.0205710624684914
0.8261633686431861,0.777246606785233,1.8923008729862902,2.417447764032334
0.44905970022847363,0.7140012339646472,1.0418032783335982,1.8550128159508406
-2.3199450872582377,-1.499251044758174,-4.543503401151302,-5.835788354340971
1.741565875322611,1.1636977987986055,4.011729108189711,3.648886799836478
3.0549622948907884,2.054378402268778,6.205909155618795,7.606786412741267
0.0385164607071482,-0.5476145855712545,0.6820463349228951,1.4200287335899617
-0.8652617708528384,-0.44796975320220733,-0.6227988148396248,-0.06802426545793605
1.1455973520161669,0.46017909646841804,2.2219213428047415,2.1363044134023745
2.171214868677951,0.7440188880585122,4.6600111908575155,5.165151757776169
-1.7689359873654324,-1.2466450304971344,-2.602749081906545,-3.4361088849646335
0.18710449058400977,0.17330961430792527,1.7627546100835656,1.5716730441934001
-0.2855247708495229,-0.3583116028692469,-1.1267822621937351,-1.7427543440787838
-1.2837469990126427,-0.5705034266300829,-2.8370947733711587,-4.54226174600965
-2.0592990728807288,-1.6308186250347971,-3.051699703226244,-4.4347017106660696
2.955946571512197,1.4899585353941855,5.739628854233163,6.711099025480155
2.4526383139495183,1.201828618598344,4.782765310680885,5.236445494731105
-2.4114380668323956,-1.427197616298697,-4.035328911734124,-4.684961582236293
-0.48619061604079866,-0.523782446468848,-1.3685514864547854,-1.7709805193092143
2.1442722301188866,1.1568763882089863,4.4347956715446575,5.600691268310672
-2.1201447726010185,-1.550801440345964,-3.8121192884026915,-4.328293984590758
-1.229241322913697,-0.9602409633370657,-2.556406886338501,-3.2151188526549084
0.3217996739288119,0.7355732354073735,0.9348161038688994,1.695575285280713
0.11155556473327982,-0.11454715802405505,0.39925412562366325,1.0221485973700233
1.4643524649703084,1.106556108713671,2.508044129339929,2.834132914633412
-2.6638647561273276,-2.155955030777989,-4.52099216722185,-5.383339751924985
-0.15051257763835685,-0.24468476222586927,0.08234954143412199,0.41950863630528973
-1.4962906718575375,-0.831774253568162,-3.993166943737685,-4.423581876394636
1.2000322850489091,0.46420549911594694,2.116040046265885,2.5826156960642446
-0.49916082437177717,-0.3080096177968079,-1.9617719748371112,-3.7863422177196995
-3.1798638946936943,-1.3290410803411064,-6.1536976241956785,-7.170729911837782
1.6862509009959266,1.317655794101885,3.7970167892268987,4.047502890964557
-1.178310376064414,-0.6413481851540995,-1.9316639084822822,-1.9557830127875355
-3.1678241077244986,-2.080260359513452,-6.759528805777863,-9.058173089546056
-1.6189298789766524,-0.9201152664250944,-3.9204786000700573,-4.785748671056469
-1.5342941725311707,-1.1852303015210348,-2.520595350026833,-2.9613967506019105
-0.48628904082949787,0.18851967325486826,-0.826403449797018,-0.4528669148659672
-1.5291139059369678,-0.9630278626165133,-3.148894974403569,-3.1104805030083935
-0.05962141266093529,0.09989916680401568,-0.4010184489279809,0.4777371184799681
0.2771615990536565,0.3711263303543711,0.5734081576738822,0.10746012178739306
0.060068866201705484,-0.4566055066282853,-0.8230497625526768,-1.6369397645931754
-0.8658883851228605,-0.14731443517384732,-1.524423471869593,-2.411064225248233
1.112036260673341,0.8870411677100654,3.3010797311384033,3.402723570494807
0.016956647179862228,0.054692813780214795,-0.06763963718080811,-0.4663975943668528
0.5670185198714383,0.7860545023260752,0.54586601787278,0.13319288425926668
-1.1144684492122505,-0.5818202750994027,-2.259239331349456,-2.758869927038424
0.13140934043770086,-0.2476092277838555,0.3358571488926112,0.18262088225307793
-1.5842058942062507,-1.5748361203693901,-2.912255639125426,-3.0270122174502556
-0.10383516842692875,-0.029941765925580077,-0.4670997976190757,-0.932309399166394
2.1592479441828907,1.726847289554352,4.539731479533016,5.403211872717227
-1.0368339290105424,-1.0639605276655493,-2.4664619469715854,-2.882329539568132
-0.43529967099559785,-0.4179003312367337,-1.4945005642639322,-2.1498540194055242
5.167627688476917,2.498181162767034,10.409709809256869,12.186971572311627
2.391810136701006,1.6324311202288357,4.124709534113912,4.095897476190897
-2.953635177043104,-1.9582224673263462,-5.34695895348987,-6.064519882493798
-1.5092317499028312,-0.690152104276513,-3.2525876944618917,-4.220351033528729
-2.0511183302232574,-1.1623081567921327,-3.8406585205352197,-4.572889238095569
0.662119094193796,0.5594160275966578,2.12296011295508,1.7491878417559752
-0.21236875228469787,-0.23320906425252028,-0.899154498582664,-1.5165746829212299
0.6506404841857435,0.2581302900677561,1.2798536304223984,2.423429615088276
-1.3374383494736821,-1.29972446764386,-2.5080993995235836,-2.8979655262065087
-1.8795226653829442,-0.8964348133010083,-3.101795237194528,-2.79131843343801
-0.15447421541028344,-0.2735854460604375,-0.8456361373074209,-0.8545259606060324
0.6527860334867377,0.13124585550595239,1.6788625897647922,2.130050098925527
3.6809988401728435,2.0259467736436303,7.915025948339258,9.649824837729197
-2.3955111948157635,-0.8191479453754904,-5.030876684593391,-5.3677423473252635
1.3677148544187405,0.7860447125323529,3.232635766060678,3.5259084788523203
-0.09081659569703648,0.39733403451239363,0.44120075908595535,0.6865963801038175
2.8268037400206882,1.4114865322501606,6.062071398299525,7.703534764222216
0.3623620153530295,-0.09610794155425263,1.418640822120052,2.3807334547596595
-0.6782472966022672,-1.1784696997846915,-1.7197138644563918,-1.9464829153844634
-0.6546534473575749,-0.21920459174578355,-1.2677336415752793,-1.975721683149267
3.223105532474999,2.189807357387169,6.112682938710354,7.151165711183163
-1.9291011818243577,-1.303056614555361,-4.045211173552494,-4.865940793277307
1.7561446229510833,1.3241498081081184,3.0065323425148023,3.35051928570094
-1.0396033287894322,-0.9578322196760523,-2.2703905209655817,-2.5442168355965173
1.4199564409811871,1.0022212720319852,3.1178741206810927,3.5680525801943963
0.004601962824739125,-0.31695780908354276,-0.3406751065994169,-0.36975550355367237
1.381789311163179,0.44601557526441293,3.179541256455542,3.6183220249367314
-0.8830178856467692,-0.057806074955991354,-1.911680355708514,-1.703381021342611
-0.5587858947293078,-0.05179941419891261,0.09994688879940106,-0.1899149011283227
-0.6279700124215991,-0.061706786388837,-1.7011356583668344,-2.288143154619017
1.2555761504629805,0.8768440838937829,2.8461651462013235,3.068314095190259
-2.138431272040045,-1.1300367031350287,-3.980885047765324,-5.3471114631210925
-2.2886706085569175,-1.2143555528762007,-4.6444198714438905,-6.3199523894857
1.7920260035833415,0.766273783857007,4.496080867059144,5.629795778604131
-1.014814166709316,-1.2642240110283245,-2.0181179789525903,-2.991190625348105
-1.763105543080074,-1.2738906905284573,-3.105939374157596,-3.8015369393687792
1.1732131939246913,1.0496028363424919,2.218058078344279,3.2617148246328176
-0.0024891456790547273,-0.27877619191885694,0.4024050060125277,0.9004086978045298
0.9299822515717071,-0.021167840613448015,1.5666792694797773,1.660108363890478
-1.465721395630089,-0.364123972325613,-2.532931299674449,-3.248650789942844
0.8784105599861953,1.0249294039865573,2.0235777728115396,2.9966631508755803
1.4739937971012496,0.50467378309217,3.307541606970745,3.8405139180848713
0.8180549990937556,0.183489392736767,2.2943251388848376,3.294606087228497
1.3646297973939574,0.7872265845557795,3.237542315910678,3.512259237742974
-0.17834409037182322,0.02150511427321604,-0.8210444159267756,-1.205300418421222
-0.6776112157141121,-0.5376756685183419,-1.7945637585403054,-1.9176796297602843
-2.441289346916139,-1.7336611558451072,-4.652546686156229,-5.944154728313162
1.5395247164559094,1.653513703764158,2.763006288035446,3.522737800380934
1.7046650544099977,1.1665311725850946,4.029462278129813,4.22692106334193
0.4848342832209429,-0.01390463742203967,1.221611972515237,0.889026328275916
2.737404123888486,1.2341852426310982,6.655415496532941,7.889300684583697
-2.9685716980459,-1.5036313387922828,-6.100495617219431,-7.341508902088191
0.22564270447216894,-0.6556733046007809,0.8506810399234975,1.0196157473736358
1.5442949249097258,0.9669464890407383,2.489117484214127,3.3766379160993734
-1.369829718689987,-0.8938962810015872,-2.6120840913219547,-2.6280912538552457
1.385144562308726,0.9763072164494725,3.316469332951145,3.884127552095407
2.360186085466911,1.337170752361986,3.866721640581531,4.929888818677313
0.7367679251013228,0.031505914293953,1.9633912024437803,2.4095375675270736
-1.5923272489810907,-0.9411880847554321,-3.5511309225401186,-5.300893148480533
-1.2109456487961443,-0.9076522046898388,-3.0769517868602145,-4.008964431260767
1.693694471396009,1.136588762188151,3.563334342200826,3.6502888363625954
-1.0608376604738146,-0.9022321206124257,-1.9973554572195444,-2.283922333965494
-0.9618976116469228,-0.11489080979279544,-1.8313450450091255,-2.49096478275241
1.317282632477427,1.3496179759149138,3.487912323235267,3.373189740182916
1.5957819073865944,0.4495696386628289,3.6236106991227772,4.237359073510563
1.180760082523693,0.9609813661643931,1.574578756820861,1.9068414424079796
0.03672154150955681,0.11465866447194425,0.11788459936020204,-0.5310173817163173
-1.184928325662501,-0.7083939550870482,-1.91143874990783,-2.7164688333893436
0.537398608844597,0.8322013484213572,1.2266581893679191,1.3608056275823635
-1.1897936683887704,-0.49393401312346874,-1.8893790304582125,-1.7447804559406674
-2.038025402723366,-1.509166658672711,-4.326890603448789,-5.186063970416855
1.2079854347036378,0.548442752853291,1.8620113492635861,2.05022991889711
-1.563208582568144,-1.0474535871060915,-2.9015821265134374,-3.4477200272501287
-2.399714391322365,-1.0544738388197608,-4.348310934419221,-4.554449007900832
1.2727513037166787,0.7034326972075241,2.566189488986619,3.1279400565248032
-1.0483732348210026,-0.8175395805021143,-2.887219425122595,-3.104564226550841
0.6696456085960161,0.6194042826083709,1.5457573907656754,1.1045572047238243
0.140309170355159,0.3576225907717042,0.009941224642646462,0.02911996877293027
2.326206595778673,1.474604265423344,3.5486158493075717,3.630571170990948
0.15216416324121412,-0.1409595659168609,1.094302640834885,1.3583828817877976
-1.0855580839844574,-1.253380576670392,-2.9276284153706684,-2.8042108235824523
0.4039894886277907,0.06394557481838353,0.5891279260264677,1.6072690455191925
1.321041095601094,0.6922896035293311,2.8238196317887816,3.407263937925527
0.41577270519149434,-0.21977704916006843,1.131456587454747,0.8041796365730753
-0.8113205236694021,-0.39295023615041846,-1.2651938883128009,-1.6931935207547928
2.0716480542510345,0.7486870292020951,4.6266985041507045,5.387318447397753
0.5456672863307884,0.5041656081819711,1.1069703743876194,1.81511490840049
-3.634895462665987,-2.3988893029044065,-6.810165739742317,-8.467201307398744
0.39325276203473086,0.29056803563525546,1.0650024105967852,1.3602098982513027
3.328430370907089,1.8331143043189462,6.746978616871475,8.666895134201873
0.871487696956205,0.11207878122378037,2.0609319690168744,2.1205250299042953
1.2801979759905395,0.3609346183767086,2.500045295801975,1.8323749099039195
0.17343511411955725,0.418194377215532,0.0927057355213699,0.7417914561861977
2.28782386760893,0.8408293025348235,5.30961683636987,5.275643365388038
-1.6008919103366013,-0.8052462502180144,-2.6306170111103606,-3.03643823867305
0.5759536360527027,0.5727744112442049,1.0247779349054693,1.2197229637274316
2.648805665217138,1.9195396282474775,5.817712768962067,6.000827717406379
0.13362529007384666,0.23235573316599192,0.021661080690832862,-0.39482926447320815
-0.5775367067025516,0.05087718173162292,-0.8014528437135412,-1.3030321578312127
-1.9989333957748534,-1.2317626360792377,-4.509551759692386,-5.747868219700666
-2.7633314320299096,-1.2390795299174306,-5.529549183897008,-7.290337550585053
-0.9220605508596945,-0.6045133925437709,-2.132288099918296,-2.282835797565892
-0.6867386105100852,-0.5947481813304952,-2.0101805213075146,-2.8536217641035995
0.6267465013852327,0.19419162914983304,0.8875162123877005,-0.43789793667456567
1.2242518399764504,0.8297928138676958,2.209303090565733,2.209662632125871
1.108448220284753,0.5191952424270013,1.5936691984046867,2.216121601057525
-2.5950626305922015,-1.2664471639828134,-4.602423873439773,-5.528183199457885
0.5803036807584501,0.4364582215887689,1.849438191107856,2.348656998074374
1.451493814859069,0.9196026619873828,3.268140809833355,4.219207883939206
-0.23301462452149613,-0.25013349382621364,0.14841289054567453,0.30246786165192374
-0.43758744151610973,-0.41282848481297013,-0.6317342130529655,-0.7768290937035212
-0.45089897341652024,0.29875013735088174,-1.0077083406335845,-1.4715527995587037
-2.596456272936322,-2.012414808439163,-4.314134490234443,-5.345267093874082
2.8736808664815827,1.570765802597904,6.073625915729634,7.457538851020504
-1.1395136364490026,-0.6837903075306996,-3.1780194409328413,-3.510427364434164
3.072802055381969,1.842755414018686,5.474314223123152,6.734671576375179
2.6507246685877504,1.9315042847917947,4.734451475163925,6.074188503682812
-0.2065929017301854,-0.038796271223777726,-0.7869302545310486,-1.515173446161862
-2.6639372751601123,-1.3311597954229941,-5.499551368976102,-6.780309018040481
-0.7544790892557884,-0.24232989629425186,-1.1206861395420755,-1.624490773252099
2.5739163657985475,1.2607539183021388,4.731304256985941,5.678658039125595
-0.6126979220304252,-0.15136946180854843,-1.5222550033082547,-1.2379107922345032
1.703706986870874,1.0395373998807202,3.7540989344985176,4.577342984012899
0.8741277752747987,0.37397521542961093,1.3309919079608354,1.7917505106082756
-1.7161832792258798,-1.0021907342355239,-2.5115718740700963,-1.996806379275355
-0.5809987662677119,-0.6797384523499538,-1.8679139255361783,-2.8447546967526742
-0.7668543884555223,-1.066780896312499,-0.6934540966364364,-0.5032104044412762
-0.5417866431269368,-0.5533486048662365,-0.8895936285506292,-0.9169099138781736
1.376680779212243,1.323636072964663,2.865064726732447,3.746179292430322
2.859445182359056,1.9393176573244233,4.985740040580775,5.299321694580492
0.09022477253459837,0.7409248493838285,0.20686217843663068,0.34851855837460965
0.2195580686756223,-0.01283836867137645,9.843555842625751e-05,0.17033126095491055
2.2782873889130384,1.4118574128346504,3.784033506675296,5.140611851169339
-3.2689200174281052,-2.155477357476207,-6.4315453330618935,-7.6672403872282375
-0.9936604867514995,-0.938961200933925,-1.923906228858961,-2.335348424489985
1.8156495071323784,0.77369536739616,3.2716214085880737,3.8758128094547466
-1.662672832728979,-1.1773655491474366,-2.8124607113660343,-3.105806047019354
-1.5304399865701046,-0.838872173285365,-2.812674396005617,-4.2040493047034575
-1.8813068575202923,-1.2353474355436813,-4.745185914885271,-5.345294479322357
2.1229848779073723,1.3248266671532107,4.010035963014435,4.929306940520258
-2.1921711241095516,-1.272142790542625,-4.484022816038408,-4.68838544646441
0.7699357083303244,1.3977701118024684,1.7765416897397888,1.9203564256331553
0.2255456616647884,0.7211660579945032,0.26552641130474364,-0.017992732707170056
2.350715137697063,0.90424144264485,4.520917516449556,4.357092712768253
-0.004490941220025246,0.019080098476416663,-0.46513541428535027,-0.2961069989748042
0.7325148718135066,0.2019524709444036,1.839023818410312,1.7059152176269203
-0.1684545865299623,0.1244934697332811,-0.5860752167233381,-0.4505669692100382
0.9326218851944396,1.0108935330552198,1.422651914705376,1.9177343767754178
-0.20828739626376458,-0.565719789551975,-0.3697546571015765,0.127370128969859
-0.010075704506409822,0.5089470709558703,-0.182503133088509,-0.3485738156371511
1.4515392346739782,1.2113125426631475,2.688577544732382,2.6725158795095774
0.15914347096971954,-0.21445751577135147,0.6304857637409211,0.11862319396782961
-0.9172558931244192,-0.4936066383332829,-2.4057098362251477,-1.9343639185197103
1.8245277058492948,1.4708867705315762,4.694296288724237,5.424339727764982
-1.8234516532014249,-1.0439319583203641,-3.5117138531478176,-4.213006760214681
-0.05222751153363956,0.013183279119026786,0.5837610369891445,0.9026237872904346
1.06876025493555,0.8587782240791235,2.315005046810928,3.310379959506859
-0.4103954565960104,0.07583916292714867,-1.1001034420802793,-1.1873709908279335
-0.7924458995838721,-0.20057116737844868,-1.5679843578877777,-1.6763531458926582
-2.5117132709502226,-1.4839068480169864,-5.726171405430001,-6.368553088584968
-2.5482465115431507,-1.935348381676851,-5.080887274836193,-6.2196515116233355
-1.68302737429849,-0.9325025864218002,-4.0884062315303185,-5.198405634746038
-2.28900073039992,-1.106215335840462,-5.702196549654435,-6.558767363193609
1.0428429675530437,0.9552995962232225,2.2082617123473347,3.763344751172579
-2.1253710490089976,-1.5466817721082162,-4.359455481253544,-5.06605614109124
0.5029047430508146,-0.14455565128277592,0.7253426486892965,0.8212417148702718
-1.1993770106409614,-0.5334519887946818,-1.729819654036869,-1.7675281409102106
2.223749297989359,1.0029901406915762,4.925581245802592,5.989128070703592
-0.8824859636888083,-0.37886428800445104,-1.648845730361111,-2.469550540769392
-1.9883642169589013,-0.9491076396960649,-3.513563024429562,-4.543576759407165
-2.5049724061751286,-1.441643168009964,-4.999848547695127,-5.9142589311275735
2.7159941802287957,1.2893882199731541,5.315153809828057,6.998088358959769
-0.8610883124653819,0.029304658445984323,-1.2725289818416516,-1.867956117457771
-1.2850011595900457,-0.8637104524269086,-3.2331654805949976,-4.336482815362205
-1.0003573379075572,-0.7739475490582314,-1.4979419639862752,-1.5500837361737527
1.3023509546623795,0.9600338855691936,2.43048866075488,2.7654243718091176
-0.1466164832132061,-0.08705409552062561,0.3796832863687151,-0.4672618849504621
-0.07909261965215014,0.08666302128862431,1.1939897597956604,0.8285092111079079
-3.784322890502215,-3.0135221366633806,-8.323756760490305,-9.847032545871102
-0.09925477716409531,-0.029374551997485787,-0.6527931278292518,-0.9663113707505893
2.693639529109091,1.6652736563759583,5.353878493559465,6.052572556536658
0.901076705314733,0.9260263611267706,2.113521303971886,2.363899066737908
0.5438999666266269,0.3891002884548838,1.149567252089758,1.705314004088559
-0.9635992608957816,-0.4473112688284996,-1.4499537477145308,-2.1603805463228
-1.0372682803892417,-0.6389196422128769,-1.7431208460064247,-2.294860056605503
-0.404690751357212,-0.8212623851988509,-0.11298604468026696,-0.35877605116046124
0.19774656083467185,-0.14543251909674618,0.3132272130771445,1.0536039247762985
1.613566444451809,1.4858967915313601,3.4034228237853177,3.719828227771791
2.3151912889770445,1.2977206814671203,5.005146530345121,5.97809778889837
0.20234732424080615,0.47138034837798176,0.5413964381244705,0.887253810159903
1.2647159638361618,0.6962829162267369,2.5693575304482708,2.251269605914145
0.8371191914084721,0.28027795610391204,1.9916029347223838,2.3206687308614193
1.3005738559259932,0.5384416683874675,2.189359543642363,2.5266425340967125
-0.35162228644635707,-0.09192942850630748,-1.2079764879258488,-2.5505401778753867
-0.03730937659984018,0.3027666795067995,0.41516536564137,0.687328517387506
-0.018266765993179612,0.3125750925553921,-0.5697843100584615,-0.7998778362346473
1.9998069092663189,1.1800058867979313,4.4577984549672705,5.459117527828073
2.977720073232552,1.7380755557815777,5.008188239445308,6.8249634736392695
-3.410254105730119,-1.9254683395804026,-6.841871750478951,-9.01235955053594
-1.9865049275968047,-1.235696948518365,-4.108569295833526,-4.015874531245817
-0.5102463235484433,-0.8386477124962519,-0.9829543166600799,-0.9823724228628146
0.4310770969069329,0.46044029032791495,0.4947209728303437,0.4093334543261715
1.7704950560458979,1.2405718653441622,3.7555863151322946,4.088523398907412
-1.1701530472855348,-1.4266126827315382,-2.361264178339214,-3.136817631780011
0.015588827585157006,0.10108505230859766,0.1077713709661091,-0.006961432662595801
0.9009764757168581,0.5301303686560649,2.4257504804008403,2.233431009063906
-0.7147252359314744,-1.264309239472558,-1.0437392144638715,-2.042941075873186
2.1835386368653658,1.5192431697106663,4.075080943659385,5.21775715916189
-0.2797252014986508,-0.41409058400257004,-0.7356441145684545,-0.352738231790089
0.09988595202364992,0.7336496162733199,0.721600438999527,1.3530068261160313
-0.02900053851406431,0.0943762406511069,0.47540413861610353,0.3945951675113266
0.8416973944812677,1.0961847527749133,2.0568257465456705,2.8641493832475855
-1.156042363912373,-0.5528155493289655,-2.0155097889912224,-1.8266358824912774
1.5415687630025934,0.4076301624823217,3.655791765300999,4.560784223776477
0.6086536500366841,0.13468345139533167,0.2502751344362254,1.5523043287175256
1.473853326156966,1.4411608782879948,3.461723259383255,4.220966607515367
1.285537750669153,0.8923830628032985,1.8854923364144893,2.8355207073094535
-1.0860545283233096,-0.6590453578149391,-2.2594076854487413,-2.0744159020259723
-0.6858325372167066,-0.8594695929751808,-0.6728865817551407,-1.3874445557351014
2.0336638521124017,0.968997010993836,4.083215954991678,5.321809374858909
0.5412061206668911,0.5680489596291781,0.20750039073423343,-0.16127235806753729
-1.3621925110440225,-0.6120248194039951,-3.9030320885352596,-4.486629055545761
-1.4115198086334695,-0.6906021769332873,-3.6252496271002568,-4.688997700244884
-2.781039538603577,-1.3304996384285153,-5.934179498545377,-7.157513921567682
-1.1804455579621052,-0.4159681803242058,-2.6964628741984837,-2.9587756070867393
-0.8177221094525049,-0.33384426516068644,-1.5636806190941166,-2.05655091825318
-2.529997914065017,-1.7523218208361835,-5.038801716055966,-5.626680658053964
-0.35960286415197784,0.2246043869768654,-0.9368833380593959,-0.584850116949099
-1.2986572148495645,-1.1244550088176206,-2.6539681131534785,-2.5384579335602373
-0.3184008342868363,0.23288118205858224,-0.6397054316039485,-0.6499944649860177
0.8464336575935456,0.18786765860656723,0.8828175755219846,1.104311813406607
0.19021988223366965,0.1508547484943693,0.5498607477707574,0.8927160787071166
-5.057909531386807,-2.821059281121265,-9.686871990177242,-11.830613868348895
0.08272002320711219,0.22328918707269038,0.033277617060141235,0.11608409329079153
-1.3780195658899703,-0.6512886582144147,-2.645356669235561,-3.476995965557221
2.452530237071587,1.843391658530497,5.448836710255096,6.825494531185358
-0.05010299376008809,-0.21443616412801475,-0.7875648574135946,-0.43128551350890953
-2.0738895504398625,-1.0329739948990495,-4.487234454353843,-5.977414517075486
2.6256692314901695,1.6675383136012238,5.894245804632761,6.967620139043906
-2.7277810933999214,-1.4996912982435677,-5.318922861596115,-7.084987920957074
1.6511595205065426,1.7399836643520457,3.3785995086015235,4.425374463857269
-2.2402823943070387,-1.0407089753519576,-4.1300532337292974,-5.031095993124122
0.06557836195706612,-0.3598677039207452,0.4806381502318504,0.48704564137944384
-0.9506720169905309,-0.36903170837249116,-1.914121049237027,-1.9832784934879313
-1.2485633386965267,-0.3504635224889283,-2.567717172353407,-3.492022501919067
-0.4862391580040536,-0.34773678676082465,-1.3128565300538009,-1.1855256741250835
-0.3439682193921828,-0.7862100624115144,-1.0442717013806881,-1.2642336577448985
1.323222862539995,0.4989160569308594,2.1383168961085763,2.4663110270044086
-0.9117422019985095,-0.28258621792575783,-2.242192063021038,-3.0828765706020165
1.71293195724198,0.9414762775378855,2.7468824250129287,2.7624636452383755
-3.3889516630918686,-2.005535345841376,-6.247286130785112,-7.894942046083967
0.24860560928287462,-0.03651250396267687,0.56535195251627,0.8943405189421543
4.01578665000992,2.289515856739321,8.070302618086759,9.38823962830213
1.1009089308317723,0.589269607894369,1.844328708550096,2.7445450890502037
0.6546174162996855,0.04590242584428579,0.5954450000543776,-0.08790068982716903
1.733916348879157,1.3544560622440802,3.162211580295724,4.270591998839198
1.88282202424602,1.1558286841913905,4.639273401357928,5.229684359016708
0.010903251248778029,0.16090102916074403,-0.0007110123276276997,0.20321903698302243
0.6652537520187181,0.4840447618849113,1.0659555820242872,0.9539725679455777
1.5181050744227855,1.140880815768752,2.133126071754417,3.0306216214434425
1.3129706084743749,0.3060028213668838,2.7146144607515987,3.7518675280891425
-1.8921358305552878,-0.9141503357049936,-3.798704759289805,-4.853787890630173
0.1670586853020316,0.35526273192066765,0.01952402654155544,0.03086143536049622
-1.6990584765175587,-1.0252893134399343,-3.3891404048689804,-4.4934479270616325
-0.3172154471936318,-0.26552943428819353,-0.14669373640054773,-0.051333513727413474
-1.407962836651409,-1.0718980079032416,-2.5712634050261736,-2.7379128566246744
2.580597121211271,1.3675313344371907,5.955824695847315,6.772497657713348
-2.345628932715595,-1.3199753803913992,-4.281241999594818,-5.391563777095836
-0.3081711066024132,-0.10959925743025711,-0.0951178105008228,-0.5343239027458497
0.15219956741700566,0.06650703027092698,0.07651905626278749,0.18785401078209024
2.811022938217564,1.8334127118901555,5.544907390423454,6.845678746872052
1.9314519561603691,1.4335654611980537,4.591534211269117,5.320495329278069
-0.3594369534767053,-0.28560792408543956,-1.2870642647153459,-1.8192798157479229
0.008693060536449027,0.33948777043657474,-0.10394287221312223,-0.4439778264557257
-2.757135111306753,-1.5956684546415525,-4.625492828723488,-6.551365677531467
0.43084250205128705,0.12713828810020816,1.2811804534826443,1.9918159402601818
2.50255683889875,1.3588770611061476,4.992687280302142,5.969330706252296
0.08201275364412586,0.15971121827854443,-0.6104610297987851,-1.1080602475891186
2.541513614779518,1.5099093257406588,5.468964405896917,7.139010681203664
0.27687720497051105,-0.12637418801702993,0.7870448198888571,1.2978929580985237
0.32889136906794914,0.2027559760461421,1.1470406716634365,1.7887024311702333
1.903904818483288,1.0706200355164242,4.473742561659526,6.389133142600795
-2.8317949874946082,-1.5107432485042218,-5.253611258719153,-6.010522001377339
-2.431116006125266,-1.3152969802799093,-4.403053251904933,-4.947461684295731
-0.2402349347266454,-0.27401791918938945,-1.3480581620410363,-1.9706029727410352
0.9293635781649011,0.9744570534830259,1.1900814241940065,2.6024559137003234
0.36436752487755897,-0.0697272484699403,0.44374864494649013,-0.07298481079183039
-0.8227844939806479,-0.2223863783840448,-1.6812141947472585,-1.0900580202123453
-1.1042754043519707,-0.6813289677430409,-2.485678822955597,-2.354831948100111
1.815426070783987,1.123773918596052,3.4492049254762347,4.000152529839816
-0.3726604955770889,-0.3490095351786394,-0.5066867214395933,0.05437337938554654
-0.7277854146657572,-0.9243220734822902,-0.9916176747933675,-0.9629986839061531
2.173737847119688,1.0845891935098235,5.060952070725568,6.089779921099752
-0.7696348532020795,-0.7955603614499509,-1.6923043694022242,-2.9822540354029208
-1.0406084114026533,-0.9443188908905693,-1.9160729787190491,-2.507704703735831
-0.21052779930796411,-0.34030188804865974,0.21597173988318685,-0.1182521493914333
1.4762908230113339,1.2491691738846613,3.4807190615409387,5.09017502960115
-3.7472808240914173,-2.2690143803560074,-8.065541258986554,-9.4586579200479
0.5598362014341445,0.6607667196654567,1.743230619581061,2.6573542767278955
0.7921826969295367,0.651048503199651,1.975350582720287,2.6977204549054856
-1.5385424256301687,-1.3266890978463668,-2.917863314424243,-4.349969653170713
0.3930802400401402,0.3729261048311574,1.2855936053941346,1.6065612599168206
2.102770799713566,1.334447571103264,3.518033902437449,4.420117818865872
-1.485946105983063,-1.1156880047771869,-3.3221161006855695,-3.859468053671128
-0.7396038040971326,-0.07235170429243395,-1.7662404899919533,-2.2094861692537213
-2.169627232104592,-0.9286129702866168,-3.3159745559909597,-3.5537098781735863
0.23852289062428916,0.33710994173887776,1.0347080556167776,1.3094487479888708
0.5816610793713377,0.6806986905843387,0.904186446715832,1.2506183044895798
-0.6320408534227256,0.12653691028321243,-1.4245860168215851,-1.9070015142981003
-3.4456857323123544,-1.8306667364169393,-7.0733255468488645,-9.057484909913615
2.2345161833203577,1.7444575391690498,4.7922622778859525,5.48166575827885
2.0125398453008985,0.9039467043003747,3.883352337105381,3.8770135402665824
-1.0693431996542988,-1.2192893742398894,-1.8748764824692663,-0.6845579945577589
1.8496662731039002,1.2430202951519775,3.323553675754103,3.4036579207995663
-0.007059075617978555,-0.11734367712958114,-0.6569396132524665,-0.7961447130284509
-0.41273342769057075,0.3651818463938479,-0.18857413974741766,-1.081510252230701
0.13182712047464118,0.2399358723549836,0.6000366382913495,0.6737746119400444
0.19721541265165435,0.2736891104022493,0.28723877359470196,0.22109808197263675
-1.103495864854887,-0.9201833035980267,-1.663432190984658,-1.7773385465885874
3.07478656859201,1.9254978346568188,6.138425198740371,7.225195747602924
-2.2602732145777042,-1.3760831833518599,-5.361741061507364,-6.4986093234740165
-0.08339515994181945,-0.3963082398638831,-0.31288286258485387,0.1073953532638856
0.48437931924186733,-0.016208920138243203,1.3249526562970737,1.0077711591950176
2.076081799133471,0.8502309740465549,4.2941577215901106,5.469445616244292
-2.628078386391568,-2.019521231440025,-4.894576075897388,-6.147247974084396
-1.227121754807499,-0.6521679998195287,-2.227347712070076,-2.8055908168854553
-1.1364828762726518,-0.39143684563042047,-1.7979087067845683,-1.8080960172361678
0.2689020400316695,-0.3782050109531026,1.2633084424445058,1.7220892704192288
-1.622871026171989,-0.639679890696565,-3.8928538256079275,-4.9934756859914105
-0.03975947604016361,0.30222470659340317,0.20536831677971817,-0.03404187478975354
-1.2724875423416373,-0.2854680177501422,-2.2254178275222665,-1.9114131599677873
2.1607709213375035,1.4448470121492947,4.404556926355887,5.346020645461209
1.3212666029614097,0.6110175702818585,3.54375661351847,4.568025059712725
1.142542699543967,0.6912828268326113,1.5057897671027014,2.3048645312675817
0.9904686262459934,0.4491490968166306,2.132939578224787,2.776672590542015
-2.476443859977927,-1.4589123798286985,-5.39432023097562,-6.644921734580733
-0.1859803709281298,-0.41454909223258185,0.21911935832224827,-0.1877545603993685
0.37846924002496274,0.5332822618832036,0.8800345633124418,0.22694616532997003
2.584484189513894,0.8295482802233528,4.97053742297098,6.124190710821297
-0.42742541417077234,0.16668662131665332,-1.3957155416148885,-2.676503539309819
-1.2124558233200866,-0.5705667467513728,-1.9052612203506951,-2.030450918746144
-0.5438953696316364,0.010053500861354859,-0.3051543473607199,-0.7526282658317097
0.2672221091796886,0.0881761789002538,0.552971859115453,0.3986229298619676
0.0178037733295785,0.34896215987084034,-0.43667167079027874,-0.8769788332602585
-1.8176407881190608,-0.9265170231554718,-4.3999292205616,-5.532660877272584
-0.9945796074679806,-0.6069538461128446,-1.7762182069590453,-1.2529403889937094
1.2943499277362644,0.7878911989488311,3.0657774587014446,3.581887426316811
0.03068558792911219,0.09366677306593366,0.09329774635277413,0.4255913255527656
2.5865657000676783,1.1760105349193961,5.023325160140481,6.0873817703635
-0.8648398442163364,-0.6262178916399517,-1.333371135805663,-1.8806900102272892
-1.8466767809752518,-1.1354586451385658,-4.0600068366639315,-4.699953856609804
1.8031567877798618,0.6765565828495875,4.235062257127763,5.733720041502689
-0.09598621496079307,0.4803098359991561,-0.42977661917359367,-0.1332499171329305
1.4420475123984313,1.2072877214347624,3.5206438045494464,3.5119714480731137
-0.2666208832763223,-0.31190258824890804,-0.540634087103783,-0.9628252843212679
-1.0556302479124322,-0.7400223407381079,-1.7853992925949815,-2.6707066666622676
-0.5300705901866066,-0.28260963542852763,-0.8852975460517136,-1.391006732279428
1.9815203379584232,0.9468358195901474,3.7870958087092754,4.147226578260714
0.9803653164897908,0.612634423353605,2.860087903036502,3.9166179633374707
-1.612928735877475,-1.2872641355500831,-2.732273430941815,-3.824911885380349
0.7151648560979108,0.4073619711991355,0.9862950893704376,1.4595019157770488
0.029689837981434125,-0.08597803303838294,-0.5000505686526799,-0.6543066254829334
-0.3568877859939559,0.006769243061365659,-1.6925624389267842,-1.4967427206802912
-0.5554312450562633,-0.5832240629040379,-0.6442775987259528,-1.1160128649350058
0.5711934120955743,0.5591623470731271,0.9690050536812443,1.8559409583264017
-1.1510177458258832,-0.6258035873235179,-2.488436796444839,-2.3777118102080603
-0.4620506256907724,-0.43561773666544784,-0.8943059596114435,-1.0871453647215301
1.3521800859268216,0.3480144864644395,1.8533283552071746,2.4900906459300387
1.737137208894429,0.9626426156058061,3.504964225191867,3.948348205138765
-0.07271139670152948,0.46584242968449363,-0.37076470938548467,-0.7367455089708315
-2.0470694132202794,-1.3238689292121402,-3.84012387041055,-4.257799616956883
0.7463733686940769,0.5258844656837185,1.5855917445852685,2.6727781893966274
1.8165393125710103,1.0464010423387407,3.071519751637618,3.4650823136098943
-1.4399485031450876,-1.029590890200711,-2.178557348585306,-2.419269168239558
-1.036449671063532,-0.651745799446329,-2.6274989156380726,-3.079159108290457
1.617136598266471,0.758218257398752,3.648147638168624,4.487993343351546
-2.471155887664282,-1.4342074808616248,-4.025155599450537,-4.36670253146928
2.8688239642940916,1.582856245144105,6.4877464310685,7.898981278329722
3.125428990161077,1.8031292665589196,6.396533832376164,7.230793505065698
-2.1537306429711913,-0.5342817962366279,-4.40488689231784,-5.021665680208259
-1.1934807389306283,-0.4751518694534544,-1.8501116233342314,-2.542130176586672
1.5648341347170973,0.5615385130660212,3.3015363395949535,3.882574084050848
