X,Y,Z
0.5477231693622061,-0.07544143979762466,0.7183334797492451
-0.1029615917431997,-0.10599683551992092,0.5712459230725104
0.1416978970782284,0.6965243162218823,2.851738321208524
-1.160678401177512,-0.967421171088866,-3.47447014236587
-1.0331800372454318,0.13943092046878508,-0.8964497002146938
-0.7201740432012175,-1.0021492334845197,-3.5219506395636753
0.6829565468922482,1.4690827207228268,3.8385595421865037
-1.0737600548195614,1.5651494804112118,1.021255974902986
0.13792365660450281,-2.2540078826199577,-4.17018107675613
0.439822953353455,0.10901646837411391,1.6337856660756178
0.4403000683218832,1.0578115499319851,2.0410874153338394
-0.22834163425039825,-0.21619311703909438,-1.442464767343063
0.7173592047599155,0.1764503278495869,1.3917567242617432
1.1667656710111176,0.4512913993894018,3.025877212064466
-1.5629402092321916,0.42023549111736513,-1.6218661254182916
-0.8705196262835475,0.4860731272593869,0.4635537183740752
-0.010053447190457318,-0.0430323164071548,-0.4534439823553941
2.6104065264675302,0.833552213812526,5.945162243739181
-0.3446185112792465,0.33282622254162797,-0.44295761364087216
1.0742908060800267,1.629988599027879,4.814160847087393
-0.8592657993733728,0.043839511359726344,-0.707662826352262
-0.33800946172467145,-0.7191361379337446,-2.323951217344478
0.9984275720418906,-0.668476457115595,-0.024337343697239333
2.0239536604707595,-0.14652012236236042,2.4393896306820837
0.4552400825866257,-0.025552670013514273,0.26862928373282047
-2.542109933764917,0.6332177238571594,-1.5832368992836199
-0.15256990451938104,-0.748149179051187,-2.0714177329366006
-0.003043000372115182,-1.7976144873655107,-4.08775594211815
-0.6919625266294708,-0.31123016287958244,-1.3168980710403753
0.00018399283150557147,0.20117892109799185,0.6816564528327959
-0.08153738670944793,2.06813315394577,3.6344077799280314
1.3398141996130526,2.4514409249734874,6.41359169731382
-0.8349854205471836,1.0769107581711908,0.998329324634077
0.2009924263995227,-0.0976301453107769,0.15104136239047292
0.2624715623496511,0.1969467271729947,0.9781404449017665
-0.41181871793146757,-1.4330732199455762,-3.601363172229414
0.10244692161441246,0.48892263284892123,1.9100524988346337
-0.44984757489161953,-1.0743664118599032,-3.1813472970903574
-0.3045625580097892,-1.243346693258412,-4.296418005256809
-0.1605112333766839,2.457443499487723,4.1140991310584845
-0.26394079074929305,-1.2375642825317676,-2.8266159253574945
0.1496748013186841,0.07780115477097957,0.26496634664858126
0.4431369849384883,0.19465937159126084,-0.45656797580469477
-1.0948134322674756,-1.5523941171459477,-3.8549585347384743
0.8306586370813649,-0.19559689496898347,1.1504020553857477
0.5431081206186624,-0.38022840769696303,0.30708589323701624
0.6581845944285195,1.3935463590962702,4.247234235848149
1.0387017723007765,0.09758065188371357,1.9501838030229264
-2.739902578382215,-0.7770032918555868,-5.578442597430865
-1.0943907318964279,0.3608848411973623,-0.7112986009585689
-2.8768637978397966,0.9999424126416573,-2.527262318140832
-0.3599074187067284,-0.5753211072795713,-2.6355051635251243
0.4637573591719889,-0.19068974548248901,1.2739790136723732
-0.4515684083574471,-0.019207311752204245,-0.4863599862797198
-0.0918486291506664,0.28488489256425154,0.22517676955773708
0.10924571870445943,-0.2432011256256571,-0.6798207754022275
0.44933717050870303,0.7877289001901329,1.7215280991039943
0.6877522700739415,-0.7346620897838699,-0.8481167035949808
-0.702851420848427,0.14124804424481396,-0.9508142950886143
-0.05302972332731803,-0.4152894185572958,-0.6953842551846249
-0.9842905587322336,-1.6008223653693985,-4.035078918593651
-0.6959797225782594,0.45640648249639926,0.19127215254131336
-1.9538510739069175,-0.0824781759795,-3.4744122371897848
1.6801724876164361,-1.377330264172284,0.05892024686707076
0.024705579664887685,-1.1392629691731075,-2.2627496431004226
0.1697864117712082,-0.8045388564392645,-1.5346735249496426
0.3999474747963575,-0.2652541130617784,0.5838095413780663
-0.10005927227131767,0.036795157980923206,0.3151885257068053
-0.12373209190797833,-1.3860061202017064,-3.1324257920248657
0.14388519582154163,-0.6317691817500276,-1.154081151217004
-0.2520504015845878,0.21486181730524712,-0.2627412750926826
0.6688400340921725,1.8957251981636036,4.5250954257547
-0.30945735918455325,1.3853671416127837,2.235020352959708
-0.10494432079455655,-0.03244751037855495,-0.024330748515132533
0.0807313146551662,0.6018061138480976,1.87451936998522
-0.22045921109551553,1.5136914467342404,3.0513237076402158
-1.6798176720988205,0.43212282091144977,-2.891304471522863
-0.39948701748930576,-0.6254213802329878,-1.9192330933779072
-2.0389192452618587,1.2588427536167441,-0.9321270744992516
-1.0702606188990673,1.1322462113456404,0.6003590428671061
0.629652602648462,-0.6811037651894181,-0.5932865666991805
-2.5554653763125903,-0.3982494057216638,-4.754488230532711
-1.1208331112854568,0.06305401181188207,-1.1779486364515375
-0.32875905356127233,0.7346971984377362,1.1310187102072091
0.8051513330832291,-0.2577419467439444,1.1283243358352788
1.55343902900004,-0.006129180573873488,3.4833114002877643
1.48596883302552,0.3801828646268234,2.8658799159170814
-0.3807450672330716,-0.6980606635385089,-2.182923219694718
-0.8380679852195709,1.3909524812142622,2.6006739406695445
0.47693538852485456,-0.2940649341709628,0.04286521804599608
0.17532708443676434,-1.1414694427033583,-2.2411450968791042
-0.17023098690846522,0.2516879032872383,0.6780532164924614
-1.431793021625299,-0.4398356460135126,-2.620516251675509
-0.3436408605191515,0.19062964526984438,-1.1634213368741286
0.7600888682179385,-0.13006132014677357,1.950222563399822
-1.512265331090465,-0.0148522187939763,-2.795744405960613
0.48439427716924155,-2.3336792279377736,-3.4519176086671917
-1.620623580274423,0.31132830064558065,-2.28823799538172
0.3922569689990381,-1.1185035180087812,-1.4552195950949425
1.0311695983753817,-0.7764130675627435,-0.305338121549283
-1.8298020272499416,0.13828607051171943,-3.238821063716729
-1.8695148409193443,0.11320453677915582,-2.124675069499658
1.515508185035554,-0.06334446438369376,2.43487197745406
-0.1831727034776581,-2.3178746466204228,-4.430799436161436
-0.7676107261869379,0.85537316041144,1.1860635440667204
0.25926229046508864,1.0117938415225587,2.8178762836426046
-0.3231492078591674,-0.8044819730607919,-1.8743233666587298
-1.139312695459484,-3.1881491091978744e-05,-1.7006231048318128
-0.810221233631289,-0.5174994457445524,-2.9025478698964964
-2.0280936504582514,0.055361010062703477,-3.4859491835030365
-0.5583644700636111,0.3747838849642683,0.5228409761357133
-0.6320144766574296,0.9227905407421766,1.193094137350452
1.0748703097719003,-1.1308870778683322,-0.7810355774185221
-0.20298923562036586,-1.5277002296955897,-3.283825013282278
-0.38394835675594635,-0.4967899038941442,-1.7857000982627131
1.175469911231269,0.7848185212006569,2.610307215570376
0.7031987156523422,0.5426811464250544,1.7593376724139824
-0.13440284210652098,0.9802715779582284,2.4374487091391424
-0.6643820045189387,-1.0274580056985556,-2.7045239200846134
1.2234591695581034,1.3622393286209802,4.681268243858541
0.09083658226831193,-0.38633002935308797,-0.8312799349805102
0.8797711360448132,1.1932276896893315,3.6715342447334764
-0.7949068406086669,1.0894853256936359,0.6281298015553177
-0.11856013503184656,-0.5840393875257027,-1.7510659158174948
0.226622830247915,-0.9129858300413392,-1.0741895449779109
0.6172434850120612,-1.2551568201787375,-1.980067436812435
-0.8702330569322169,0.5396346190272236,0.2665949158922149
0.2141857978560648,0.23755281119136956,0.9617752335923496
0.11856999325431412,0.8312995072340813,2.509937538369765
0.6524161105827581,0.19041985942437734,1.3267392557029103
-0.2824164229555002,-1.0747502700070006,-2.469000073379679
0.1788222710339806,0.715506985723363,1.231694741764128
-0.25817309574634995,-1.4810240189553743,-3.0664424091240963
-0.9502759898375674,0.2104212817037113,-0.9321135557887653
-1.2089386219758274,-1.087036589287743,-3.621204209443062
-0.30615839485179663,-1.9272361125438373,-3.9602618003269496
1.093109083281824,-0.45520463843980946,0.34324225767731703
1.5652026113203306,-0.38423468582033404,2.0207058909566555
1.4949277596783677,0.4516183951297522,3.725924577649335
-1.2122898006649279,1.0574026027112264,0.8996552304291126
-1.7614177849852817,0.43997247967733877,-2.0132880935003463
-1.3715967919022918,1.2730139783642758,0.7698042727721823
-0.5089871896368677,1.4866674279830525,1.9086842513332107
-0.3391079591750356,1.0102254430354087,2.1635666297042033
-0.044645732371876225,0.3947939719118879,0.8328216186747935
-0.2915551380815275,0.8037591978178934,1.412331596899584
0.4112226184351238,-2.255415710878441,-4.181866998251729
-0.08706446313410553,2.601912643056368,4.566592689765855
0.9698494205817825,-1.4928973847000326,-1.5527800527458975
0.3462910164565356,0.8219220482430994,1.8576331106666581
1.0554617681136473,2.256508295000792,6.881554184378486
-0.779914009583998,-1.0193485510067335,-2.651999321069308
-0.6429550319547266,-1.7305456973406221,-4.614513441608352
-0.08819402775581399,0.5856545356972491,0.07993142931259412
-2.2192598776887804,-0.440397517719341,-4.598235303061342
0.21946836996442912,0.6666933713552905,1.8445658850253626
0.7772713035931405,-0.5953195819106136,-0.8870277746371587
-1.6447222337046115,1.7089351996240059,0.924308355016595
0.33272301309275776,-0.5447713904214542,-0.4520842458982868
0.5032488017388157,0.30469134330417147,0.9408945871829537
1.4670612292141558,-0.9750270710061547,0.5886362355781971
-1.769428565771951,-0.8599330259274667,-4.249605849945516
-3.2044255264491017,-0.7288248449367762,-6.794229703156965
0.0896169046202502,-1.60412313037015,-2.7403185702094888
-0.4040934956613898,0.885742021006483,1.671055458216987
-0.13809529209077517,0.9525993602509011,1.486662943302782
-1.6123026914080802,0.026926711977261854,-2.95642987264356
0.15624729408781773,0.4574327696431775,2.1457562193461914
0.22074802398632068,0.6766576026652633,0.9515948353214579
-0.5481838563021407,0.1517784260984282,-0.8032215861612517
-0.29607488552247707,0.23526174760234664,-0.21974394861817378
1.773774025690661,0.4905880067774835,4.738239587252179
-0.4289815619300097,-0.4874164992993823,-0.780226796491243
1.3405057311035198,0.7878526014783451,3.916398052821919
1.7868046394273336,0.15865685644379907,3.295747577740305
-1.411828247892546,1.590629154224492,1.4214398024580501
1.0124999972023592,0.39441917883396416,2.014703851289212
0.851068740757103,-0.8098083855768924,-0.7311777639373962
-0.20336019038057512,-0.6135187398941977,-1.9679676194206288
-0.2588142744597217,0.3747559509657308,0.5373486910193435
0.41127861517608416,0.7176197527181257,2.411083040356985
0.37498110817151237,-0.4508332310271496,0.273588905844819
0.7182945604188864,-0.13989845257476904,0.4572920455942917
-0.36823999520737855,0.3710869160686722,0.0670799374618482
1.8209879971009353,-0.701948502695272,1.3095814251551143
-0.8372949247313392,0.6860536094785028,-1.0085601775089288
-0.6874087475957572,-0.35167095681745464,-2.2678632137626065
0.07514511447637136,0.3253258008121348,0.7722719768377998
0.266170881727875,-0.0020368562222368644,1.040280947137978
-0.5411826260852572,-0.14246075458130952,-0.49782061966576785
0.10467840358812489,-1.111566256816979,-2.734328388080902
0.31727950112094677,-0.2573489347951649,0.08050096669465301
-1.5880354033380937,-1.7911901035273352,-6.047824470768961
-1.5371865215441618,1.4082073256668466,0.8110369583906172
-0.1034414858940709,0.6538993550162406,1.51161770770344
-0.920395589480561,-1.2257384229779356,-4.432156606729088
0.7709091049976868,0.3871121017036245,1.426021616736121
-0.7855883128659115,-0.6596863719921501,-1.875078580140519
0.4822544541400574,0.08058252213826471,1.3904822059077646
1.9564694122384416,0.2289355370429423,3.964201377017499
0.3763346215280811,0.23956886954964546,0.8012292083793282
-0.2661820133944157,-1.4190245127122196,-3.431361504645796
0.7472238601605117,-3.3434273580877014,-5.050288324681444
-0.7573732385310994,0.2199154271062275,-0.3735884510901477
-0.4141803106151642,0.1425043764683487,-0.11389325814725934
2.423530324459262,-0.8993266143827934,1.2606200266797742
0.5572665142171565,0.2432999856379542,1.5817944811986033
1.5996902687160426,0.28276649841322055,2.8730223025509973
2.5512580727410397,2.132705562201268,8.310072301094383
-1.1136258994070474,0.7094762642333267,-1.1879122373814779
-0.5192180830809077,0.09040678349289774,-0.45545387772616336
1.2073566804222777,-0.27778457261254114,0.3300353700482187
-1.2837289100349774,-0.6245135255650959,-3.0271228433844746
0.2353532651450903,-1.5079533190360677,-2.0945264932612777
2.242302121062073,-0.4215827006294657,2.372696134767677
-0.08604826174255552,0.5168708176879022,1.0932216688395675
0.17857429068093703,-0.0953921060953623,0.4420545539774701
1.3265229337564353,-0.8772057314068109,1.0889963933478577
0.5207706009299586,1.6426158608229564,3.675152097222007
0.8842873080726898,-0.06179236662961701,1.1375785688931572
-0.10847387915826294,-0.8059583375369744,-1.728092099568402
-0.14976625973818303,0.9601854485859259,1.2641332074444849
-0.8308326979633954,0.6622533879510981,-0.5592901517268045
-1.0440491655027884,-0.16906345839683473,-2.8326306797187084
0.07618389096476622,1.2421018293088855,1.889223426636672
0.6530264293146075,-1.3642218715317058,-2.4827331497194347
-1.1380179878518322,-0.09090601853222152,-2.106119267173694
0.07691327818931634,0.33047728913774765,1.010344872862523
-1.479852833561474,-0.3750246206762316,-2.9879852757180276
-0.7989611038023483,0.13551877347167143,-0.7684348264626064
-1.33098968403997,0.19207879170228848,-1.1337778169113815
0.4197392573602854,-0.9970119349639913,-0.7765389589093656
-0.1572698215176243,-1.1025617824156173,-1.7071943084156773
0.21134353775969184,0.3110574345912006,1.2487533612245707
-0.6522434323828638,0.3140595906905047,-0.24528077513383506
-0.39512724039179137,-0.4834668507926886,-0.9062390481102423
1.19756898546373,-0.6477225759760902,0.3194516687459509
0.5785224019238533,1.3733063925024134,3.4399485486243897
-0.34976241048131795,-0.49332744373655396,-1.6799185061017783
-0.13749497065528055,1.310919484034014,2.6474189982502887
-0.5726338507192293,-2.268220430125592,-6.030815764659962
-0.715511026878228,0.11887405281941076,-0.712663880248044
0.12772167145786942,0.38669441286125317,0.5639250472826377
-0.4735346626061377,-1.482383235766661,-4.1767266339448845
-1.1140013895647811,-0.7680681061032221,-3.712933182661746
-0.14254993836438282,0.08613867364118573,-0.6553634928054839
-1.208171731396935,1.0699035665032675,0.32372178501690335
-2.202592050240277,1.5133705958191725,0.3777706363338491
0.5085997607449196,1.228387134113946,4.185769225152536
0.04580547327442369,2.504662030888959,4.832317359457298
0.07046056278238345,-1.2629091579529907,-2.9107985808765835
0.7888425865261194,1.3795658804213136,4.6969519309085515
0.3435581004414849,0.28643765013049804,1.5938865856956552
-0.2496213253270688,-0.1556260965824961,-1.0449463505990177
1.0469661618990305,0.3456361906240804,1.8978722975248263
0.649329780879766,-0.3971523589595631,0.3738747171458554
-0.6509094179437656,-1.0790226156729226,-3.2933079457931793
-1.8007941688537883,-0.9268828723699275,-4.304296985018182
1.9215051986031495,1.05478261760669,5.4270111098858855
-1.685742134495844,0.8387424341551746,-1.1395662704644254
0.5972152880941543,-0.7681650954604516,0.07339678133849337
0.19843222744778158,-1.885944087886952,-3.773425836999215
-2.1184391717227937,-1.066841338048277,-5.263819526677876
1.9954815110702926,-1.0860790752864693,0.9797669073845663
0.46160918963674547,-0.5402487336671147,-0.32581851441076576
-0.20514336785221302,1.5966740637774284,3.1763930756544934
-0.3374116567235159,-0.9064874217461886,-2.5012366439678826
-0.273279676522806,0.3314276991256887,0.5195981050941181
0.10666945890715596,1.6595565648811519,4.607973495635149
0.1442317209286417,-0.1372047606812408,-0.11922922900822938
-2.506563473831938,0.1751068030478875,-2.512021506107187
-1.8646727099060296,-0.032366037411034616,-3.0609549608904194
0.46095207123339277,0.1181187724868446,0.8413141262414896
-1.6887606072846033,1.2112770677274574,0.003249015140052089
-0.16177640041270688,-0.7431685548207957,-1.6075654377180422
-0.1177186238888698,-0.4303106457524445,-1.355529437386166
-0.8483066937423542,-0.7238431347618738,-3.0621515825833767
0.008900552639332732,0.529759469039019,1.2630094345666076
1.2680197877832808,-0.7634529029749373,0.6681068365619989
2.115191189134596,0.9795389321500614,5.153943314740104
1.6029831451811423,0.4127084601172297,3.356021379671782
-1.2240542192421515,0.6081598713182552,-1.5469231616982166
1.0726517763715502,0.6642566805959929,3.3662717184076083
-0.5650451074403109,-1.247314887427022,-3.6567102530818727
0.630954231199087,0.7055077416621636,2.321505342964006
-0.010255154322600189,2.2783225795470297,4.309334604804388
-0.5393359865637614,1.9089971310678304,3.333639860482333
1.2842334998079223,-0.8335045881621641,0.8154802468318441
-0.29359809710716367,-1.4945634384752973,-3.674041288260879
0.21888477558728825,-0.5503422106247059,-1.410422624203851
-1.7179521421086241,-0.28484467847442996,-3.1763848360387206
-0.31646904014759203,-1.044896185348112,-2.866590197588218
-1.9118207457005458,1.9910650175609375,0.8571375549099731
0.3449736745413416,1.0426324527720834,2.618504261145507
0.8310000689591981,-0.7709335548283728,0.12174791703582566
0.5221180567223755,0.01247836341617038,0.9999263092646317
-0.1887346778468929,1.3368072271061182,2.6704980454472733
-0.5951662566205655,-0.170853208981203,-1.9074449011043144
-0.15077433465778972,1.0177132197767396,2.612707459901002
-0.15593300599240076,-0.22184115956194939,-1.1000775234204487
-2.640079539964331,-0.11483078300321216,-3.4755541125466882
1.7639757595620724,1.2824894852521138,6.363970106560547
-0.9611987588549725,-0.24967224267751043,-1.8420444063313832
-1.6455948076029223,0.6689545275429575,-0.5311678397111126
-0.44554015512729866,1.9445104008539533,2.9816909542837715
-1.5882344310546894,0.9785866656060463,0.31034599817626574
0.7974970709496482,0.31992716045185615,1.9286855782964896
-0.785091697165084,0.6676289298382333,0.5263703359013239
0.8169765130019803,0.672236989259582,2.832879865412685
0.9288351981171676,-1.4010442902962235,-1.7170796489209421
0.8845327516794192,-0.8463518450380062,-0.6738674170565743
-0.11631373735946303,0.5037718867559012,1.1894932894206587
1.0631929665832807,-0.47356704047792353,0.9013013861578587
-0.46500004088513064,1.7435428382452753,2.516788082165655
1.0723140835384024,-0.1377880695606808,2.694456248471277
0.25947540768443383,0.35203327621073727,1.3398623329175778
-1.414152707848626,-1.6547860132081513,-4.776066953906499
0.023733530645153923,1.1153558305594202,2.0291676031537516
0.36736602030713666,-0.9308499169250076,-1.7112378986188685
-0.9947018454994169,1.2468542012448776,0.6195661633973938
-0.22389733145247598,-0.021390204656258308,-0.47275900674824095
-0.4971343992932147,1.5275846571143994,2.8042440977310146
0.6247647719852154,0.40492772963742923,1.504137755063703
0.2881369701067855,-0.8453842133132907,-0.9966286488026255
-0.49848683488319045,-0.8597653787221426,-2.900896995313491
0.3800422402305683,-0.7094247901374414,-1.6408103883575027
1.7508122751665738,1.2255560472280875,5.834016525215626
0.13930793979532247,0.856391332590522,2.8020816082437126
1.1025864026853327,0.8794867843633752,4.088876285701938
0.7448327504793643,2.2822352027001545,5.402355887656838
-0.5237084473172197,1.3496218128534985,1.907810537356927
0.3852807081417402,0.1322410904214341,0.9402429001627481
2.7256836131353785,1.1051841445523896,7.097295182289077
1.9458411999590393,0.7931938563905081,4.174143696614827
-0.5340068317816095,0.8975916666197659,-0.12386610967928036
1.3989898122088915,0.552951509371212,3.558581860767874
0.4275383828418982,0.8839175720269751,2.6551045637973605
-1.3501523703715694,-1.1653369530175637,-4.355934396187529
0.452161571990391,0.29657055417301703,1.7967278624569185
0.03166543214370829,0.7463554393965556,1.0394497131079476
0.1306385710571686,0.329478638264772,0.22047183756113042
-0.014556587762695791,-2.0156141875987257,-3.9444397917511225
-0.1486888072752391,0.32885664332265735,0.08161586180646657
1.1665645344398403,0.3607860276596159,3.044786516631344
1.0984658458836543,0.8698133516380466,4.0372221729345
-0.3942222597628393,1.3932262443849481,2.420588230247402
0.9253851941227998,0.26478156922830387,1.8716729901939413
-0.3363759422771198,-0.9990858838015033,-1.635675344935268
-0.1922756793598669,-0.778258141008253,-0.995310641367415
1.2697676184352107,0.943050626602273,3.3639816289801354
-0.2748379137790723,-0.7239282674146444,-0.9109710947447386
-1.6286968656966738,1.9649645528408481,1.9860523673606556
-0.083597574022851,1.8876804457816994,4.487882123709749
0.1702392612561812,-0.546076237201449,-0.0037832412147427164
-0.2952060048081848,-2.7800941367290823,-5.891358341955594
-0.8816326572050409,0.34960427318384024,-0.8581502511554555
0.5544494527419412,0.7524882883112057,2.48819869479688
0.1759461321116724,-0.6566072195707733,-0.7755346437660406
0.10608109246663834,0.5687933172377064,0.6813086147663804
-1.8547373776697686,1.367937972891442,0.8253538066528008
-0.033458885376156544,1.5067360925736906,3.191698028833476
-0.6935392950181908,0.6276460906616756,-0.5100375986703745
0.27435656374220335,0.01419124474796941,0.4384071477458762
1.2740580684948004,-1.050899191275245,-0.17935091254848792
1.1130694986671474,0.1313640656944123,1.3874993035197902
0.4837584261141062,-0.42954214222861004,-0.4897267306461496
2.6202723283743565,0.9277831751053579,6.081334308878261
0.5637975856001517,0.9515814956957409,3.77886618674298
0.4669026106342063,-0.7903993161327617,-1.1694473579969302
-0.5806280072998292,0.6119583127342524,0.4391310961313362
-1.9353864414950526,-0.05102728471848414,-2.9254445290992295
1.0640755841918563,0.16048794275908004,1.4413940792025501
-1.7340685405644214,0.6097200018022888,-1.0087208073386544
0.8243701653870208,-1.6306268285908296,-2.4334982780236567
0.0229143750042171,-0.3277233500581611,-1.6237764986117555
0.843211573151079,1.8787921804130616,4.48359875818935
0.6008027634716766,-1.518275834475762,-2.215329488801054
0.7476709548548887,-1.1559331474162438,-1.038274097191367
-1.1558292317140935,-0.25004082597655,-2.67131923922813
0.8481876401347574,-0.8491215656725247,-0.21866036633730626
-0.7200272931269711,-2.3162479192464445,-5.0162503588775085
-0.3313317579996823,0.3495233415215108,1.0399824835332394
0.20429392401587826,0.6739634009648318,1.3149455516027289
-2.4612720199390066,0.37525557200154397,-3.777180227438533
-0.9220979138588392,0.6219427944889715,0.7629988318132102
-0.8876480438149292,-0.35579979259924127,-1.5862633525226728
-0.3642201115962756,-0.6886627790504697,-1.1390838743391538
-0.2025114451737658,-0.4167739033834664,-2.1095828142020823
-0.7135736325961851,0.2320263445803449,-0.29722470707938964
0.5391087825684037,0.21884768681996958,0.3862517053439094
1.5930798866182394,0.6851990956854263,3.7631114370927827
0.6126594974555427,0.3840351736087487,1.491457599329403
-1.2617870558857744,-2.1773029442890257,-6.587180380074657
-0.34933477959074877,-0.16733444420373306,-1.8519223033852894
0.1787105496409092,-0.0034211968679522292,-0.04872299635238159
1.0607598109130671,0.4731148276003255,2.6979373512376554
0.8760466399448977,1.7817992779000424,5.1829463720077475
-0.253916519230477,1.0886638077981179,2.609467077160228
-1.3424534596226478,1.410364323642911,0.24360876309012747
-1.7670407551454912,-0.9421570391646336,-3.9831950568012684
1.1719591960856386,0.46621417198885856,3.6200724910643327
-1.2127958680840358,-0.03962499894731761,-2.1980266857242556
1.286891647524053,0.020045362052302756,1.5784216469675592
0.18563983757579225,-0.8452602045423028,-1.0375570663475358
-0.6409999787789311,-0.5205321073265777,-2.2505861155511506
-0.4475032679638317,0.49606761078230155,0.9996852130743918
0.596028094186815,-0.25925620353659484,0.791730883231067
0.4136736555764063,-0.7706181855213231,-1.297023106520925
1.643845744110859,-0.41027509246523475,2.8069838529251596
1.0796544978404623,0.4397932092619403,2.78391961643522
-1.2867185598719302,-0.2666092029156838,-2.3265900924700125
-0.7070598859059183,0.5443850544160669,-0.5246441953566975
-1.3865909632131401,-1.9109075668268216,-5.861125368407302
0.9412479234316637,-0.4799701228686099,0.30321574140729135
0.339135476453666,0.3504780856291406,0.2618900415970924
0.182185616810696,-0.7273686881013993,-0.028810138154367504
0.9703779328554569,0.0762503898885577,1.5249098755327068
0.07303628012281231,0.8566269019904228,0.99992297192541
0.2408411755670637,0.2541565729963526,0.7885253694093701
-0.033930532336711235,-0.22406856429461766,-0.5410804070484163
1.1111303442927574,-0.9100973320652507,-0.43132891761252773
0.8023686782017765,0.8209886732159641,3.223706795824027
-0.8200366224977541,-0.9565262985163768,-3.700515858708277
-0.8917433540053663,0.06661401633998204,-2.340432328015938
1.5584442903985445,0.7421679323236446,3.5051191217935256
-1.3433567381658362,1.7441995980528366,1.9107044113765939
-0.2807449561711692,0.742409615475541,0.5294608367579073
0.3346143034826974,-0.9244514345708208,-1.5914567625691403
-0.5763678415217874,-0.568971844118149,-1.7773430318408687
-0.1084185274314683,0.16284367455638019,-0.015233909166836895
2.521172944359732,0.42636084552519177,4.600016267684924
-0.4645936844130856,-0.2824862703757244,-1.2236216241214402
-0.6641972961322817,0.6068405016560732,-0.10826932983798948
-1.2150464992791692,-1.4107129855632643,-4.212195617034214
-0.061012199492792,1.1856997146992325,2.5218938338959425
-1.232522778585883,1.0279541369764917,0.42962079109648843
-0.6601526317732802,-1.1464751411949285,-3.8759473652206746
0.03875140949433604,0.07450522541463181,0.025729308562498526
2.0948861355056585,1.3652325357062312,6.148885794157716
-0.8110867350628115,1.219246419356814,1.6866489423861628
-0.9492690442424233,0.8680894581907366,0.1201963263353367
-1.6786196784717236,-0.7354275178448177,-4.432486175356488
-1.3757193502494711,-0.781916274219104,-3.2604942081094395
0.29212872714550175,-1.6366129559632154,-2.950168249744014
0.24082390705773546,-1.1013581891496254,-1.0250384467022664
-1.4310592520853844,1.1273832362763148,-0.12860324910437826
1.5817875663940504,0.7193527882034667,3.376146671555003
0.9838363415705281,0.10763009004073262,1.3083613382701813
0.4529376993193577,1.3344075311757027,3.5716922214421785
-1.0084678166464787,1.3286974366535684,2.208008462954651
0.23941466760106547,0.5323209780434774,1.667368759696664
-0.4935479011451087,-1.0974840675283088,-2.439803691142071
-0.988512494188129,-0.8739923967670065,-3.0341297514064394
0.42371783586774714,0.42029777965541654,0.7704494327450662
0.38039508704941044,0.37105932307572426,1.566363330389808
-0.57078876845891,-2.1833908282206367,-4.987425385174933
1.0441959920431434,-0.5142909617224921,-0.07300299811898003
-0.24008241788329326,-1.9516486227150107,-3.774374199808832
0.698312562969277,-2.0758562229645294,-2.283497321831357
-1.0167735057525502,-1.168951964327569,-4.052865345631778
-0.8526148344952195,0.0935536387862018,-1.7743362741309747
2.130657983754493,-0.20412897870433616,2.178760060294623
-0.11626274204111309,-0.0032899314838411285,-0.3351419623626838
-0.25093283129142285,1.0432446282662218,1.6840385204580006
0.6241179149402561,0.09110707901812912,0.6711143511103421
1.2724868358593926,-1.224388798080985,0.1334224111286384
0.7042040386016881,0.12269301218052472,0.796378078197485
0.30137505801239317,-1.472937762305736,-1.7071865155146193
-0.5932882296612784,-1.5395225043631238,-3.689981382280975
0.9165197373792393,-0.7788553799493323,-0.3066458931143412
-0.5396671469763321,-0.2652796045107303,-2.0496643374089194
0.7904492521320603,-0.24897355099396878,1.262428937342516
-1.6329049320606779,0.1315678544276718,-2.918500370035666
0.1237945125731574,0.10078402687968235,-0.02958600727677374
-1.3350844389626206,-0.31974184544486195,-1.8795014807387544
0.3677113400048081,1.2763302036903712,3.5854542505030773
1.7428980628415276,0.22485301369089286,2.432446149842264
0.07836280956168147,0.7473692501341415,1.2763790509462318
1.5583493542089983,1.0955860089011484,4.004289783259089
0.7624614070082738,1.1136569383012016,3.817272345246555
0.43446335691381527,-0.31104023578257195,0.11749297830578428
-0.4965172847892869,0.6665508931772741,0.16392086867482253
-0.17503292008490334,-1.434058273076786,-2.615432576652474
2.1902016062691843,1.4427120478728876,6.584110077739112
0.8639339410838203,-0.3215352478783847,0.32132334296947407
-1.083930807721455,-0.09481271107005843,-0.9029453411275423
-0.20071370039752032,0.21306593780988037,-0.13014615342892105
-0.07659257498819493,0.775311830325619,1.2805717989612733
-0.31493788678651435,0.8409893588035212,1.1769865778658195
1.0945830390308742,0.9867817891321461,3.858960416645616
-1.2034915709302783,-2.1322554011806107,-4.855780640927768
1.4091518850638778,0.8311843006476267,3.966415542750614
-0.0244183175103588,-1.3385421801725341,-2.9352878153527437
-0.9868791526940908,-1.9101852428823167,-5.154442352350285
-1.5721817863658407,0.2196278738650427,-1.3508694215477663
-0.41444038628550106,-0.7489816144062037,-1.7951970897033716
0.8821565758572492,2.14686733102606,5.333474281095986
0.09137366575602214,-0.49272706317979503,-2.2949916051758468
-0.22006180271532644,0.5578767255613591,0.6278616176824507
-0.6423518749248451,-0.8150906673199677,-2.5848537411782377
-0.1686572047724503,-1.8786031078005627,-4.02427499079746
0.8917555508902726,0.24575802984356424,1.592164210933338
-0.703104333924205,0.40014834930612325,-0.7137939892534444
-0.2653725769538289,0.8964059196133903,1.6117023960281063
-1.1099463367725488,-0.12282040854912597,-1.745486980423177
-0.34597374618487536,-1.8190153563820672,-3.8306615402686277
-0.6586822632139682,1.032229691860832,0.935463635739584
-1.8757417630228876,-0.3656062324749098,-3.2622030922928404
0.7899382645515627,-0.6921869332128665,-0.3239513372324304
0.8022138142540641,1.869476413384864,4.956841048752296
1.2053932545679906,-1.0014021835074898,-0.1592993986097412
1.1081552054993755,1.6517088778877642,4.182574162506965
0.07970980089773629,-1.332395301064127,-1.9256808572043076
0.32609046772610195,-0.893557758280276,-1.1078753641970818
0.8114374716064605,1.1966178582899014,3.3385463860565565
-1.423131841738011,0.6335450366420122,-0.44039849398403047
-0.21709905525192152,-0.04033252617004716,0.2862040684186242
0.33897770666029947,-0.02862246543990323,0.10103019789993667
2.0417995397607824,-0.18919054346131806,2.657118946452513
0.03858356896041518,0.08568251661954206,0.6110123145687149
0.2839525669629714,-1.9392410800436486,-3.188560592620194
-1.6974064959828046,-0.12540975075147284,-2.8929321844724667
-0.36698919838430355,-0.633584244274488,-1.4418274341950177
-0.02390676472112596,0.7798422976127547,1.6871593908310174
0.5730520597599207,2.8175831187258074,6.867469061928752
-0.9168562695496455,0.21653849122879396,-1.4887395107891397
-0.6399223600122108,1.5487072330055063,3.3127851151394268
1.144293789936658,-0.9773032934718854,0.0705441872005263
0.09849267049513723,-0.34196448581148897,-0.2890303269640525
-0.35451619390245837,-0.479627889954238,-1.0767625078641072
-0.5926909115643324,0.8237921380240985,0.8605740125247662
-1.0011562501552358,0.4381406244357719,-0.7788839703262512
0.9322883448447645,-0.7165788723399256,-0.2546122834382242
-1.045939313501748,1.7247707548355373,1.3646522723171128
0.4974437358889657,-0.5151864234012382,-0.30503475544553704
-0.40824936497731207,1.6256925766608241,2.839401954006285
1.0693825056223356,-0.0917946941598399,1.2813515228957972
0.08529003774485103,-0.8399943170955977,-0.722567527206858
1.224161111389312,-0.9125349177570707,0.8198367682535802
1.5142864523555613,0.1726459452421569,3.213123305132015
0.9264648279918429,1.7523794090880445,5.294445180322126
0.1431307750260643,2.038576299349632,4.422400805034957
0.8150270299344675,-0.25510828264111096,0.44693892790401996
0.7235004765874717,-2.623691614382616,-3.887676014845288
-0.013849956821293957,-0.33110921301661367,-0.730148679843751
0.07136970572227538,-0.7986912251741943,-0.9715310669946589
-0.4487704848384649,1.9645786176819846,3.115463070158855
-0.5978577954902975,-0.2704433069418939,-2.1650371546768774
-0.8961542764521977,-0.6142178713462925,-2.9578878645691487
-1.5123457440955124,-0.6074074802937659,-3.667310201342744
0.6979114296437784,-0.47239148988531926,-0.6113094355872292
-1.446175142957189,-0.15412287308163267,-2.55830166462565
-1.5998877910147484,0.4973354424643399,-0.953332336274914
-1.1414870174622984,0.1637415491234159,-0.3844882125004281
2.247393745111261,1.0231849585652761,4.48044455775912
-1.7165660616831202,1.7671777254930605,0.7405012694990507
0.3925017612220974,-1.7624879042342714,-2.2232654953090156
-1.2547366004593494,0.8500276843749207,-0.16597600064427823
0.5417942899279876,-0.7632949502240197,-0.8020152204859456
1.458877367231994,1.0234908856784957,3.750518848652657
0.3619756308361486,0.7992094416241253,2.0222602693070075
-0.20827081783144014,0.0024653777979910733,0.10243565937366533
0.6925168695237554,0.216225472175721,0.9485516811301546
0.5455228482614568,0.6907985667240548,2.2709079968797337
0.9489540630296912,-1.36934311388855,-1.7870162567503907
-0.39495205233240377,0.678290191204412,1.011368125526769
0.5396702324682979,0.002150343605587683,1.1146713065789107
-1.4730178047859124,1.3541054253531148,1.430873804670749
-0.8342991743342653,-0.177344376366459,-1.3240156785617072
-0.07554103558809665,0.3837595366344469,1.2235590910297869
0.715133175212417,-1.3112510462970826,-2.3269750525108606
-1.6419475975377793,-0.8007196408802819,-4.29922233519981
0.3655804963088102,0.0948064031908867,0.08958237186791163
0.3962369308128613,1.2859122302315664,2.8491897960028374
0.15049721113855258,-1.6541350229186522,-4.145028207454349
1.6672582195700385,-1.3335592252302122,-0.6339329528748088
-0.7307293896840518,2.9547869563229336,5.419247363939332
0.312211099844287,-1.4825761676333677,-1.9106985261677698
0.7497119571731651,1.6562583789782113,4.3828265133992055
0.5036726606843192,-0.03825773604735402,0.21371620493428178
-0.4753230793191302,0.4623791644308285,0.325835228828786
1.7240211555208333,0.9242509560569482,5.3866170622049
-0.6419430965670676,-0.14449724492188182,-1.3405905813244672
1.493926037662833,0.8717535058494151,4.334613330089202
-8.80662981814492e-05,-0.2804326446355731,0.19294090731134872
0.27358685618855255,-0.1256224822852531,-0.6483308997983945
0.4115349791961654,-0.617202245779877,-1.1783721969935597
1.7266417707285835,-0.490796739996327,1.9193434400000986
-0.12408009470644445,0.9028125388711652,2.2763180457007177
0.8627740004117496,0.5717048633827613,2.7581457278114825
-0.5584123069777599,-0.8010174355184475,-3.3036749865983817
-1.4346124528586608,-1.784414794467623,-6.410049437363935
0.9724591749192951,-0.19842989307293665,1.2098665550923606
-0.5807045167544451,-1.5783007519717978,-4.256247724837475
-0.17873646779709798,-0.13497259946758852,-0.2536875743013508
2.219459678424138,0.7141467805979118,4.18728888819627
0.48346193322606046,0.27283145230269745,0.9313092562649135
-0.20933950464739023,0.7873172756093645,1.6222918627784135
-0.5667675761403518,-0.9593103952357028,-3.406295593238804
-0.7876340673964214,-1.4693548312869416,-4.017054999807693
0.017454297275954492,0.3168649855907228,0.1457729889959637
0.6832781125301668,0.53793814929948,2.14846036411251
0.9724331655878533,0.2844015429414459,1.7772929344382136
-0.5299123343661972,2.2615221906107057,3.762249457137992
-0.6419433623317105,1.5027541875476036,2.3685847070759607
0.8247948420940733,0.9523692652443126,3.5588738040443464
0.13953723212121905,-0.0812627293922654,-0.41465681902739726
0.21196839448259802,1.0080290208060534,2.091735357537048
-0.33432917491393266,-0.12382989157526507,-0.7761876352571282
-0.9148658613038063,0.7689147917928068,0.15587328268949469
-0.31889517321548017,-1.0047271725341025,-2.231861430984983
2.3755478055422614,2.278066953111021,8.19193817410513
1.4161296642789853,-0.02531454110420717,2.03834843940317
0.9648529129761924,0.6808923102530895,2.2989184510279643
0.14299183420161304,0.437559146734793,1.2624280739082678
0.8684496966387117,0.382863357633935,1.3599608232055278
-0.8484154381750402,0.8695245701256803,1.1939448200306486
-2.4396218549221884,-0.08641044314238179,-3.875999673627922
-1.7202042147724381,0.7445103241763767,-1.2071755051992885
-0.3784701775028501,-1.1397789126350908,-3.807575168647552
-1.4844058293183984,-1.4077295537702663,-5.156603853475677
-0.11882016132485664,0.6917925557332988,1.0771396656479157
-0.16529308724600675,1.2059667499556013,2.516021455317597
-0.12539903391934507,0.6917832583614311,1.642568214875195
0.34160706424664117,-1.0332365338145273,-0.2696932586117162
-1.7052731750372108,-0.616387463379932,-3.6059617647080193
0.764936846848124,-0.08452247578907239,0.389534675268692
0.552345454931237,-0.17546867576959305,0.5749771628265488
0.5353147071744981,0.35844200236967877,2.857887940790896
-0.8030748189325334,-0.2058947576716392,-2.3750937912682626
-1.0305183784855372,-0.6700731012076502,-3.113384483539861
1.8789103855177955,-0.5646898496382868,2.104804489246149
-1.8142486682520316,-0.32905048889341043,-2.090650918711193
-0.1516104488308015,0.5514587221764504,1.7723426481601043
-0.3506187966326672,2.194301839613168,3.4627649402990355
-0.11181094354231991,0.43943175076845387,1.2991942586494063
1.6059439854413726,-0.6192548526876528,0.14557296766912242
-1.266286359730716,-0.02603779115366506,-2.552093896613152
-0.46978914964014135,-0.4185001535686801,-1.3218871797733094
1.1984353634297067,0.12164055104391225,2.542897149419068
1.6374939185997712,0.9100299399648953,4.618590057473769
-1.1627178464504684,-0.5657613862034514,-3.1628928992185372
-0.5988751750239559,-1.0792300815546678,-3.2432080722824956
0.41266056902381887,1.0095223021028918,2.7369439893049035
-0.4399377038923042,-0.20546693055219073,-1.3319814329051225
-0.19098149862480104,0.6216654275457274,0.739946941165424
0.34066977092489564,-2.1376602371267066,-3.4664944216508298
1.0977470507053597,-0.00370731028090115,1.6755168433315952
-0.4831824476882599,0.2519254501998578,-0.503860235557342
0.8981287912065891,1.4360324179695765,3.7515712660477676
1.1395318027079702,1.9266731889038968,5.264822668787695
-0.8448991473714448,0.7084369092032893,-0.2626713198736917
0.5932553470232691,-0.21704194703457427,-0.6158959182462707
0.16981083687998602,-0.17104176078833114,-0.7930195025220094
0.45565519748815986,-0.24901779210692027,-0.38649915139859936
-0.20405172332767982,-1.1075211437348171,-1.5634299424033216
-0.43872704784571237,-2.7976354983382103,-6.48731130204435
0.4641761376627725,1.3353837192059606,3.3761137660380056
-1.2887412327851757,-0.791730561476643,-3.924982450194224
0.6331884530109453,0.49735562224142177,2.072080584535761
-1.6836392694048945,-0.40231639096979804,-2.8048968755840455
0.018854820368455018,0.8291030683725219,1.7703949200469986
-0.10566223564513093,-1.0432807841249496,-2.0228115400572455
0.5082176888664357,1.299040938601312,3.1073925035215613
0.7818732221584245,-0.5935872835822129,0.05349154509341131
-0.39396630471111727,-0.964232849728744,-2.843548610078717
0.6371685053815637,-0.5429618162648584,0.09350778569415727
1.1700004895779046,-1.1391827051228502,-1.450205243569879
0.2705271122001944,1.294880890768387,1.4813667886854656
1.5772793343300933,1.3111786290264205,4.839693754124684
1.685532712356639,-0.7754505022417504,1.2962328189052563
-0.416234824310926,-0.8069714459496259,-2.998033556249986
0.2753520281426833,0.23652523840672451,0.8187129424767131
0.4911417336346889,1.4733478164298899,4.313726041682903
0.5428507136700709,-0.6630156440483547,-1.2194309236504202
0.18586719533093307,-0.6623732810681636,-1.2237145618804801
-0.2833049527627285,-0.43279088871841487,-1.8414959127711574
-1.0875304613482677,-0.5550283332406801,-3.2899654228068678
-2.4209174459070026,-1.3570446612246514,-5.356858377800168
-0.40943673785220286,0.253723009442406,-0.534725936878395
0.2224947995280167,1.532347867571599,2.823191543368908
-1.6792560802023404,-0.2655807931241476,-2.1564532689355054
1.4545912142541528,0.09208859667035006,2.0774339660075434
-0.7558216958122005,0.392280845334418,0.1346350283926162
-0.9418775345795635,-0.3908479149741899,-1.8705603853367108
-0.628465037237786,1.2452117333735588,1.6412096693088392
-0.4454433202289847,0.1382417435795976,0.12723728366036485
-1.639736095281945,-0.3270386155744686,-2.9676092767107494
1.434583478848288,-1.420538453400459,-0.38137864123257115
0.5939522485598989,-1.195956848965922,-1.4646726162402177
-0.7306468532680539,-0.18239011737945995,-1.8133709007015084
-0.7492795427760501,-1.6721928411299205,-3.8439435334854974
-1.103741339679431,0.08906828477351861,-1.9765721630017854
0.053341837340711094,2.1046002005985684,4.079710758585877
1.0902557161896422,-0.062245331592599026,1.6207729002935505
1.1187314150640575,-0.11766903635944928,1.009841721342705
-2.082330884591769,-1.3133978122960657,-5.2754731515483
-1.4986579347885096,-0.5900831958043081,-4.383000710263741
-0.5598285578825284,-0.9794739657353646,-2.332018373960758
0.5828723475590869,0.30196568494407167,1.3429381782314096
-0.5644326331387428,-0.9353503811303716,-3.128102193992511
1.3649400174067392,-0.1370704004567094,1.5506939219901716
-1.2796772954911793,-1.1637519176133844,-4.944498470143921
-1.1108373685615887,-0.8128141431501155,-3.0346271978198973
1.0465317490347354,-1.3552813663896486,-1.4431285479429572
0.4742934292400909,1.042420387145011,3.7277155862093405
-1.3971313524664986,-0.5283308638615329,-2.4196883236652544
0.19481703267904527,0.09927480365379185,0.6028626682768963
-0.05533350550128001,-0.778696414973493,-2.1518474215298107
-0.678046726250429,1.3703187272656892,1.9732950040043113
-1.551192895900222,0.2873491573522688,-2.2039194668564486
-0.4525329406893992,-0.6185046241370971,-2.0129122723305364
-0.3217878370403733,0.7519320043403328,1.4941303478502435
0.07497099470256631,-0.47663268702184475,0.11721998064324846
0.2457091237385527,2.9769830206251617,6.920289789236529
0.6199351698820246,-0.044087142484421506,0.4415269735448744
0.6876847497466931,0.2567346760860796,1.731485476414029
0.5452706546107731,-2.216048563478393,-4.228296935483144
-0.7256174982619243,-0.6870088917490361,-2.1821233958850437
0.021184098368748138,0.5330803551334888,1.4305077317557542
0.4232255837216714,-0.9238176396421512,-1.2913576460703906
-1.8997918692942406,0.36534850520206896,-2.4755375486590796
0.5527405113693618,0.8175371974846866,2.5842477870846534
0.3258825730243363,0.4231197607636193,2.591842255987891
0.7660567390414154,-0.05106234201813765,0.24624680499760576
-0.15516265881030566,-1.3320189717138222,-3.886662110177773
0.09367286701417657,-0.07625292137848691,0.45608759194684423
1.695289695097719,1.4334344195928852,5.1915097726538
0.6353543533492033,0.12243197030631801,1.3979657255962203
0.6148809996554916,1.763320063004036,4.6002961805717
0.4741749976840793,0.3858500291907416,1.1527806204267095
0.8577448617989643,-0.037460151857127685,0.4696776102320952
-0.08026123722807009,-0.030959744341570512,0.28743608919547603
-0.5217260260559492,-0.6873519130470213,-1.7086839976361852
1.219709128908904,-0.2170617760015789,2.0043690693556506
-1.1850889880055324,0.07396432709588466,-1.5551149087981113
1.4959595390297193,-0.7915360279975528,0.5369185048449121
-0.04760577774376404,-0.8969537279345313,-2.1175906185834252
0.808697995165684,-0.7740097548175972,-0.8039379858884061
2.3862515967604168,-1.0691531794264726,0.9817200614517164
1.394403437613096,2.6477368490149584,7.808504101710393
-0.5935027746224671,-0.07012916936043365,-0.6086219764036556
0.47055866011348363,-0.014391238685031517,1.045713983335232
-0.09246649222689636,-1.6130975001171697,-3.2707732473729614
-0.637875374498892,0.09158822372015475,-1.2527704249851166
-0.9704803838084078,-1.1569350213128726,-4.273194181861409
-1.4330730363661148,-0.765278317617154,-4.348507807076462
0.37367236517334373,-0.4340764382091288,1.136883214025903
-0.5071741619217356,1.057766565869136,1.9747935048841465
-0.2651782791738412,-0.2914193804064419,-1.5806172607748858
0.4291001036867092,0.35614340831371105,1.3806783876772952
-0.7577770294746314,0.11921917948676361,-1.2871640691258421
0.3523551093169578,0.6659620666766738,2.530783060617428
-0.6894447111513738,0.3420111135640248,0.052681250198892526
0.6148286510790473,-0.10730336105186342,1.5974274919114595
-0.9719581095554757,-0.011443057758262393,-1.9753315952519175
0.4090066018529816,-0.6035439573295637,-1.3869411485583867
-2.039778260101673,-2.8488189507012587,-9.384857140312198
-0.7031555911144931,-1.6206289016251927,-3.831737313661118
0.26911410054024415,1.5029149867358385,3.272644812708879
1.7131464782106542,-0.5074529379069983,2.3608129738122097
-0.06905364579337021,0.11252402995047518,-0.3844547034162804
-0.8823104767437102,0.49437543331951456,0.21072051830231686
1.0378423216787285,-0.29524511735034237,1.1101859342834233
-0.14860972417604584,0.5926312066827,1.1545254771412423
-0.8740599914112656,0.09285596687158432,-0.6537283718541202
-0.841266727143488,-0.1393298012493876,-1.6516892109860535
0.1309959550413178,0.5917346081380952,1.0539944402509043
1.2199091486082143,0.5252677386480663,3.4737640525714997
-0.152140765942146,0.7678317853206081,1.517398440644564
0.7647555159505564,0.2750786482330081,1.8754698273254078
-0.2957816752709838,-0.3112249029151723,-1.2936427864834734
0.4112395529314116,-2.629849978620177,-4.46888277405359
-1.5719717790901981,-0.32202439626675017,-3.1125315613572075
0.35057895926341703,-1.4746023798080443,-2.513241957514678
-1.6938610910939602,1.0658486132332197,-0.30311031815540723
0.08057579776958625,-0.8849650320553796,-1.635701377315033
-0.9377044905095465,-0.05847754913927873,-1.489611080195486
0.0003476558714616958,-2.4107210466026396,-5.439690678038934
0.8846637056490789,-0.6996517688957397,-0.15132153394047876
-0.9510992829315104,-1.0839156718929073,-3.7986726448013415
1.7709859872201543,0.04530158878177347,2.184581459598969
-0.0943081185264648,-0.649438550413277,-2.2502548820273
-0.17832240931515383,-0.13097208764888985,-1.4451049077102485
1.1700121340615477,-1.1031130182390076,-0.40523045085979603
0.17123727223304508,-2.086292587074172,-3.4012466345534342
1.7062577104184902,0.23351228504843205,3.197798624713085
1.7747450698052674,-1.3898714186476873,0.9806167499376695
0.06694867877425581,-1.1549271694825858,-2.605298010846341
0.4043865950345583,-0.5505318870598884,-0.6662592418043467
-2.7763593230845935,-1.2421075404825495,-6.928659263612678
-1.1366755265977417,0.0909485082759841,-1.5415287074932995
-1.2172859417171613,1.6118824277133639,1.8633453628291625
0.08940030168660536,-0.8861907148691014,-1.667872898957878
0.7529903423115853,-3.140978545542284,-5.227379878522075
-1.0910009894132435,1.8021526628867297,1.0026077149532415
0.7433771980518076,-0.9050074992824002,-1.0504312891150127
-1.5003994480842684,1.4197996320416106,0.7091643407502659
-0.183470990212781,-1.1628912677337004,-2.0881958745636364
0.928262277560657,-0.4537329268148219,0.244660906582786
-1.0413551016991582,-0.09685915504598593,-1.9279691366814324
1.2302307810090405,-1.23348015633064,-0.8733839715795603
-1.8799085343330328,-0.39090966478277483,-3.3321507043910183
0.5673193176090863,-1.2712197367804543,-3.223129647966074
-0.9424016335040398,-0.055636435836393466,-1.4450097170548877
0.346925068375714,-0.5550806502883594,-1.1110871141234133
-1.1116847671162948,0.41297109505466,-0.5287789859105553
-1.559331322005141,0.6405928864173095,-1.0947475371934305
-0.6747542220166246,-2.7573063695045725,-6.388725173999081
0.3591274219128055,-0.5929496355679681,0.1558468625502023
0.7513059627995681,-0.39418051777646923,0.999207396316647
-0.0275204460433268,1.165936401972541,2.0395039178352077
2.119699320693251,1.1226009934108359,4.939843026632659
0.6504461630883271,-0.3856909703922424,1.569065788501982
1.0345897284153371,-0.17939467706795278,1.7102249689504698
-0.5186238562134767,-1.3392948166840366,-2.865259021047713
-0.9344562571972052,-0.96795138126972,-3.8192664015410225
1.026678411233347,0.3273184585158144,1.8269572466895574
-0.7298680532484703,2.0692560839675536,3.506783477173288
-1.3633275651859869,-0.2961710481164469,-1.7403807689044273
-0.8065661581671352,-0.5722419102879077,-2.0829357453637383
-0.7298600447072003,1.9666852745900745,2.743480046397579
2.051814553627985,1.5112563532295138,6.379234831488617
-0.9552003273103367,-0.6201298529564471,-1.9271053046884306
-0.035183903008911575,0.33190582471783203,0.520009005685902
1.304408752806732,-0.5256670508961283,0.368469879037403
-0.8108796758417522,0.31891874288936545,-0.9132208447955109
0.776898641229566,0.4525592787951042,2.076640771935204
-0.5494349789183188,1.7183481760134622,2.415611121146769
-1.3845793366097425,0.436342421212696,-0.8194982103237078
-0.6394887284831694,-1.085247135567918,-2.901767594785189
1.5182584657331812,-1.3048642712402476,-0.0859294745001869
0.40290389761506273,-0.3789354112432974,-0.775230273837273
0.81481999105677,0.33365741332636367,1.5472484242003472
0.8315267123486707,-0.16887565147682415,0.8194779239826226
1.0701209828144802,-1.5644241908395846,-0.6809195517510284
-0.7885545793913095,0.43207822557395686,-0.4707266225532645
0.6788364461918213,-1.1723351482146371,-1.6032537841998225
-0.5417287598298007,-0.0831414991519401,-0.41022328911284733
-0.2523435151399858,0.12577532547920714,-0.331696434131701
-0.37895303689361626,0.7305687690504836,1.5495475033284172
-1.4888360239798948,0.6648241846558605,-0.2481638412012539
0.9783811008622533,1.2218433315289743,3.812685269746831
1.3281988255558226,1.6594414425118982,5.502552470562059
1.7168970479904584,-0.8906642459381486,0.7619962257147723
-0.2508988513818395,-0.5324977895629289,-1.4303880609811208
-0.17600441074480025,0.16744664797502876,-0.7622496483313612
1.1548271031937567,-0.030903398312751386,0.7946318035058401
0.40893848726208976,-1.3345599638271575,-2.1829713667782067
0.6450959152189295,-0.785640548467304,-0.6571702518929399
-0.235137259371248,-2.214296239227191,-4.7920920223015635
-1.0199530661243617,-0.06960953600738633,-2.0575183671893207
1.9754607462325349,1.7461493734447158,6.086338186086297
-0.9373038743657595,-0.30276684879094606,-1.3506149715013538
0.620317897053048,0.5274489134170729,1.1747004195479966
-0.8959834793313253,0.5789029451686409,0.03638188739905365
0.39444882402041975,-0.13027311155167245,-0.03570033026788633
0.8880873876462946,-0.5040212035390649,0.5555767976233867
-1.9883108760292523,0.67813917058047,-2.5729965132148314
-0.20548554021540147,-0.012873716155141095,-0.6686256515058281
-0.49529470932707753,-0.01519007960956022,-1.1960769965713682
0.6480232509240054,0.31710820802650524,1.5354816630442902
0.031765339478481376,0.37348478231546645,0.5255264849614025
1.160291494450689,0.47610205687292617,2.3991559777491327
-0.48199201088212956,-1.1397053272620314,-2.8786592253871204
-0.9554214871183546,-0.6085014107070316,-1.9675732196221472
2.3074072848446154,-0.5877132493917911,2.1403423123287157
0.8524405570866894,-0.5732652543836801,-0.31426979187505716
-1.4916883673506272,0.25475836716808736,-2.1745638188980028
1.6720408592319453,-0.9111632389603898,0.4443245839454174
-0.17522939715224378,1.3989702535725148,2.8429293136715064
0.8914987877017285,-0.5488379748707676,1.1371782514683104
0.2325785139325066,1.308643509987015,3.0694063852721833
0.40457872423976465,0.7673075485948948,1.917936976980836
-0.052074252428524155,0.24440804362785407,0.6626830987431367
-1.177015135171836,-1.2531641105635116,-5.291792715932203
0.020576152508443857,2.4673706696741893,3.47260479684363
0.6587004943722515,-0.47852321684075694,0.8947067627863011
-1.5021349793330028,-0.8734692143311804,-4.255512579482537
1.5796228057335775,0.4363258706756125,3.527498198642846
-0.5069470047113869,0.6660739986783332,0.7315789730160871
-2.848874994214602,-1.5657899234871844,-7.104527268856231
1.495270184077861,1.9746427946030676,6.194441921282764
1.424389246229007,0.7716164771349286,4.009819336780717
-1.3273506517966684,0.18617402736123262,-1.3918098945170174
2.3507591257993004,-1.5807700959191298,0.7271814460337089
0.437646724308848,-0.5203978003733559,-0.055524820121464535
-1.1646999516782968,0.3155056519082073,-1.0672231310503342
0.3442457691580415,0.6824983398641455,1.354432924095343
-0.8880335742395404,0.7554210203299042,0.20078679553207096
0.7213954803435191,-0.30349568712993547,0.3798071064328277
-0.769360483193188,0.1802861370798103,-0.5947167311267089
-0.4301363831085723,-1.2554407691799432,-2.9711582742923084
0.7966216667236321,-0.5996136139043912,-0.11598461918459725
1.4021374235636446,0.7888307839355966,3.8982696130584493
0.13329769640636238,-0.5398314299594431,-0.5616724645703928
-0.24223026840404488,0.30706880384833296,0.046849176852913454
0.019151428367778337,0.08446629099415462,1.2671719259947325
1.1053532235672483,0.43791770821658665,1.8563404611183345
1.0559298425883477,2.6081681418755838,6.853212745853778
-1.0543741863503262,0.13667815325725732,-1.3374684786618596
2.2757971360403006,0.6475181333790626,3.8513339254918093
0.22796342397844002,-0.16464430128821328,-0.7100139534308567
2.3526488413073157,-0.264360213050609,3.1843496960725086
-0.7915928888433515,-0.29278615926858453,-1.426114390319275
0.8234033700594033,2.3503642850694706,6.152670824308636
-0.40206500524130695,-0.3168679996771413,-0.5071724258614134
-0.2138906050483666,-1.1577629605082973,-2.7961682237783125
-0.16076033524139627,0.7226533244791369,1.3666425123802572
-1.4217240246855527,-0.29118968559387953,-3.18610192822498
0.18571185457289924,1.0944905620587015,2.0522635436680816
0.07807212073315115,0.688551520442472,0.6462870286056119
1.8784731311014662,0.23165117530548965,3.263846921232558
-0.3368443007739089,1.9010872413053357,3.494441520020947
0.39569307940938636,1.8028536806603621,3.423590900452611
0.6365859807057683,0.09135595019665085,1.3697552411239842
-1.7031186794535862,-0.6521260734729192,-3.123876151623354
-0.8702536625784982,1.4124714369574387,1.0266441688608539
-0.9898089903049578,-0.7777020373118475,-2.879741814979325
-0.09513381265147094,1.3148139302317023,3.2563264024380896
1.4141772590233732,-0.7434197903257096,0.6466814572871457
0.25719472948621036,0.4036797208003505,0.6794559666747773
-0.5956336747402462,1.4002654751688746,2.1879679402401377
-0.6561610588495663,0.42044517699812833,-0.12492998067229484
-1.8335139075184874,0.6926549003050388,-1.5587095957655617
-0.45672945061729414,0.7534525722571718,1.5838659258034455
1.8081909721208498,-0.5032891735488901,1.3454590654099952
-1.788704549455689,0.31807316982885064,-2.00239760746813
1.453513998631111,-0.7996203993700394,0.9737594407654926
-0.6822892377522205,-0.1686183673793452,-1.5137810601836201
-0.9347034057541854,0.1093288872111924,-1.754433224228765
0.13765599912703622,-0.31192948698951456,0.2641628760234298
-0.13634251263400557,1.0252390176628632,2.0486531631921974
1.3004952136154027,-2.060792687064342,-1.8592223469747595
-0.1657827186319677,0.8801497906056065,1.3963688395681548
1.1795284322111395,-0.9499157270845593,-0.44684909853683125
-0.6661537943629038,0.0973706303241305,-0.8341562276932759
0.3756147985566053,2.6982542939903595,6.076171547576145
1.4798306152628689,-0.8161627819061891,0.5451105733142424
-0.26038186984960215,0.5120147858634566,0.5658070042513282
1.5594502513363533,-0.3561056893012583,1.412029248950935
-0.5877036533798349,-1.7673750551793312,-4.429232047333143
2.6326778647628934,0.11225582524439139,4.023893338761063
-0.514651792128506,1.176009353044872,2.1712471261662407
0.12953440812815872,-0.6952824704869396,-1.9290654081049614
-0.7809438574900053,1.134260575655006,1.5026039159865976
0.4583691053350726,-0.7803465037949732,-0.914813186188353
0.8334420457198233,-1.2553723123790814,-1.0988117768971783
1.02899780774883,-0.47748278180781206,0.8280315351979628
-0.5383072420617497,-1.6623677448819265,-4.554139475095397
-1.542626564852294,-1.4596188147106055,-4.952655716652869
0.6025727646972534,0.10134972299747202,0.9750651585554421
-0.31411770795384564,-1.5487186758487272,-4.342112217844562
-0.8524502997294162,0.8446550585747762,0.5370818444085563
-1.3897410443171887,-0.3781238721222102,-2.712508870119633
-0.2111114031500596,0.7281599119616032,2.6343816026596754
0.21801942004972272,0.9078605222735754,1.7705140235336072
0.514686104184038,-0.5107300016551031,-0.9893601834423659
-1.2337490510481726,1.1920582003980176,0.841025562146491
-1.5835248896225602,-0.5481674162316631,-4.016262969681644
-0.07616205953250035,-1.8998184168575591,-3.409303683031182
1.2979950089100967,-0.6670485416540577,0.6107573601447821
0.4152849311556152,-0.7436682710909103,-1.262778777926676
-0.1428880039087975,0.7720754907655188,1.139510774878502
0.3920400127523615,-0.49781359394544955,-0.05749163091623377
-0.05341297795847904,0.0658791115300751,0.16107146059015912
-0.13142033053623242,-0.0814669675890153,-0.14682405399997095
0.8398448478292504,1.5489576553316524,4.336566104050179
0.6810093271894334,0.6890870834734335,2.4725414174045643
-2.5712068486216966,0.029665186347041485,-3.0977067335402446
-1.0649382170751014,-0.9036293736926455,-4.14842921337904
-0.6878014735477078,-0.24174634780220797,-1.6606041591658682
-1.4307368350908303,-1.3293681034007947,-4.5618296359611
-1.1812928098015094,1.024788722537237,0.28809135824889115
0.8305985889176728,-0.37736449077757733,0.5915596851524368
-0.8664368285763646,-1.6175810575602967,-5.056150223404056
-0.1245774794923914,-0.7500256818160517,-1.375992012550327
0.36403018140828236,0.7286603955788843,2.356293104231121
0.4398402715574999,0.6039907202930019,1.3965423237140355
-0.15453659686202462,-0.09816770851121076,0.11210078708031612
-0.019568699518280837,0.8143281538108398,1.4141666454835238
0.5887515514881938,1.3178103692307395,3.785108895420087
-0.37651434531737915,0.17408063361741638,0.006033818121850526
-1.3621971747658612,2.246805207829319,2.8069105689971607
1.2489280904528486,0.46174581556542477,3.554812565240024
0.3887423323254094,1.0747403526851065,2.5454642015430307
1.495809124197283,-1.1045438817209612,0.5779463215718914
-0.7252931509494476,-1.491869020698683,-4.577792418927257
-1.1480330489714388,0.9300151386724275,0.292488348203861
-0.45404885710388176,-0.4482602821926266,-1.2225530241423201
1.6303797015545494,-1.0215232358637587,0.3217615536308678
-1.1721387211796985,-0.823042694805508,-2.8575706439579447
-0.08655619219063158,-0.15556926388121295,-0.4083890151627769
-0.553780683075168,-1.5413267627410399,-3.822924237410554
-1.93159555444542,-0.1985506910121394,-3.6579528614806964
-0.4035925443664513,-0.8491011131531676,-1.48688042194236
-0.4770832608240432,-0.1709432974903255,-1.2792873550845187
-1.435448261504411,-1.296344755970759,-4.405509015753231
0.3292416484766843,1.2102192995632761,2.719372735970501
0.5619812736125829,-0.9572544503572902,-0.4504092885492379
