X,Y,Z
3.0662991195252336,-1.708838516115345,1.4682504675879438
3.2718116350059487,-2.6511876531541407,1.8376782406204364
-2.421543218212496,1.0603576407747044,-0.988965963185426
2.173478299872502,-1.4676448141274299,1.092162853977725
-3.4287563240430434,2.2812837270083675,-1.5235683483762554
-3.0431575273460068,2.229171026696812,-1.6363827184602218
2.6992828241309557,-2.8265410156470714,1.5900948483660189
-0.9057480528301314,1.0017080389585815,-0.6283022759632377
-2.157041753340228,1.1572578118534445,-0.9012922904041534
-3.098867721139854,2.0113383060762158,-1.4488846869214687
-2.935399741139684,1.9741841377098934,-1.5093175120294755
-4.223149874751219,2.8268483790148937,-1.9503805184218628
2.042088601470109,-1.4743742202488384,0.8737219627839963
3.937341849921623,-2.8416963133160884,1.7567031515598819
-4.128652102564782,2.9088264193085025,-1.9298469218662464
3.0723848806450578,-2.073531349093148,1.4580537754886853
2.4463174508375634,-1.2756973712268058,0.9791090865055705
-1.6196559927889491,0.729961452594717,-0.6809138424529291
-3.033685393292069,2.480795221639313,-1.4492998391181744
4.382225369879614,-2.687272349983667,1.9903500824644147
2.4520671801469396,-2.004948782717533,1.2565877782015473
0.7372241259483951,-0.8170361141999314,0.38121127922055154
4.185957785751176,-3.322106919630109,1.9355054836012027
-2.029805325965328,1.859604105500037,-1.0127640581943518
0.35733834200445136,-0.3606498286241885,0.38290852648009865
1.3850900564635773,-0.547341385346446,0.4615007176874064
3.3006580030584836,-2.258925116958488,1.5062253302488355
3.5977645474505517,-2.8811234326912882,1.8890013065607563
0.12327545389900696,-0.14243033851712938,-0.187462473591951
1.9818248992768428,-2.0719323217227226,1.1684593062209685
3.2974835859530875,-2.4180331728765134,1.6796660474215903
2.629115715860342,-2.181157781881817,1.3738224893521869
-1.81243137047937,1.157717516491711,-0.978129479165899
1.9890528349843155,-1.3252284063737083,0.9976941875310108
-1.2325115726640659,0.8376045988027342,-0.49778100335625375
-2.224490827338093,1.932879881190335,-1.0033794506394442
0.1429914450349875,0.08511915149780558,0.1939633394045832
1.636779205021021,-1.3371276998578487,0.8374109265121956
0.07226061948160722,-0.446380285458161,0.22770931133729233
-3.101201172680999,2.2318413386290694,-1.6747166684785588
-3.2986067758952826,2.7222536512798223,-1.6810500640110462
-0.8724680105785756,0.20188147523075073,-0.40888230092293476
-0.16514574547329863,-0.03711820540775046,-0.09043979154616233
3.091983135353347,-2.581808272840164,1.6306562856176257
0.5239141398416582,0.21706169823113308,0.05112683789127059
-0.17707268179364688,0.5140276611663149,-0.3325019210561777
3.4729913926867084,-3.079292133034577,1.770611160568504
4.078605547723228,-2.298241639229838,1.8116618585432676
0.5942675104678122,-0.8982322482539916,0.45547333118752587
-0.9705776095903293,-0.014166599025293714,-0.24899901300175564
2.364494747335222,-1.4796837904574989,0.957494393231709
-1.4999186533178044,0.8276825976147074,-0.5183252779429002
-3.6018363384790435,2.926931921974657,-1.77545262008756
3.114850591350575,-1.6169670155237545,1.3344039473382865
-0.5898063921785012,-0.09658433226116336,-0.060330262324665096
2.502111261252527,-1.7865756543669078,1.412103513130083
-0.06563876382758116,0.7631848869619163,-0.18058486937429574
2.8437934219662524,-1.5893464876346903,1.3916333294094372
-0.2876360316119788,-0.16976887898960802,-0.17046019446948746
2.2911115271712257,-0.9190581914363419,0.9269243619107255
-3.68106476988571,2.4276126798604043,-1.9102053154505714
-2.206929868795437,1.5909597975073355,-0.9225536757254118
-2.3177628310271396,1.1848169992595876,-0.957935529902564
2.2047612644493775,-1.6379097288262434,1.1519659644078022
-1.0919476863627846,0.7484462133636111,-0.423078988211556
1.2352826374532695,-0.8922316304782151,0.49771132975987964
-1.4990071198170747,1.0924560570126065,-0.637660253608817
-0.6224544612644194,0.7911799931343814,-0.39833787198323245
-3.4606904486057886,2.4825365162139463,-1.7113471493033616
0.7646103080333461,-0.3321914719576663,0.37616652951374707
0.011080440274626402,0.14531163834334504,0.08412700501221115
-1.5361458736982776,0.8080068633580026,-0.560197594240416
3.4991817342548543,-3.118073146818742,1.7989095086357234
-0.38986504670431743,0.5681792935737737,-0.22213037484928977
1.1565493704773728,-1.5058148118079666,0.7215189616384015
-2.637329398381616,2.3354616347030497,-1.4135477271146981
1.6862186158024193,-1.697209860465084,1.037493626490312
-1.1186509124424142,0.948711694653361,-0.5593736630661255
-2.0933944602466434,1.2390225594374566,-0.8544123655542881
-1.7558676026153242,2.178310062540146,-1.124646547233525
1.3444366205092795,-0.6585987194287329,0.6483065559298531
3.5560677685397195,-2.9408669562075005,1.8548109597649147
-2.174648770073537,1.7093155967840183,-1.1161330841885406
3.6243182614902536,-2.8747830226423514,1.826844007740533
-1.3134143856915252,1.0243625193288413,-0.8872779084136582
2.4499632260179416,-2.459305675409998,1.4562903442024964
-1.7373416573447984,1.1232879219381808,-1.0752975029869067
-2.291215740680895,1.4466508318342828,-1.0756274533754082
3.617739229232335,-2.773083853999151,1.632566704346483
-0.5868757169729768,0.2820273503548798,-0.42829594724882947
2.8878813870679867,-2.818973314175105,1.6601097801469895
-1.2191611654753207,0.5536616078608526,-0.6966711470414464
-1.0803280367447337,1.2145437443789748,-0.7787371100522287
-1.5005169360164965,1.0664946285886359,-0.9494782222868992
-1.4991018232596485,1.6991357906875262,-0.917105404777188
4.003142612879971,-2.5234000510893893,1.8209263967703206
4.186558750119351,-2.94887035510597,1.99628903028943
3.244652892909437,-2.5342560319710503,1.642235607414949
-1.1254155661018688,0.8851214421343696,-0.6297325542998515
0.8238390617115959,-0.5301462662815211,0.6440779220749966
-1.5365995723682788,1.2637279486315305,-0.6835887301284291
1.7471804911447886,-0.8206274414511512,0.8422175479276772
-1.0093312128975516,1.1097370063845697,-0.4267619025179257
-0.002008773136227715,-0.3995796737752958,0.1149006803364272
-2.068892991381821,1.0743280465365048,-1.0108164748903676
-1.6868716086872357,0.8685372072674926,-0.8422696486971155
-2.2566510882716835,1.2089099375012573,-0.9730327423065717
-1.2338025422317427,0.2850883202755836,-0.4301623369696257
-2.171166329291097,1.1914982212225693,-0.8702228605295153
1.9828790565867094,-1.7382277450515757,1.2298752599448761
-3.2872370814862,3.148873244320974,-1.8921038129401633
3.9570622881270756,-2.8027933609463918,1.9282704268046285
2.3864611824712503,-1.9012592381840925,1.036248133821362
-0.09875301717940688,0.2597039356430121,-0.23820533404226563
-2.217249457907326,1.0452173816479577,-0.8609668175725904
1.2562697545108112,-0.9699907954244935,0.877596507467612
1.6455072682788026,-1.1468028568968296,0.8184291800901824
-1.9545419756214788,1.2535334027538145,-0.8820257057243297
-1.8275500217998544,1.5696067968105751,-1.1121212839336732
1.8678169233712114,-0.7321617144047426,0.7082898817202357
-3.3654657345369507,3.036219244021781,-1.785468970635828
2.157858992494955,-1.1418010474827054,1.0280062199404876
3.7479004528171824,-2.5380444330797873,1.9812382638819481
1.2482990805332774,-0.6998988473960954,0.7891083885240664
0.21407734975847692,0.36927795788354645,-0.06692594325152657
-1.1668199996601538,0.9942701217557526,-0.7975080229186773
1.2246410626260904,-0.8763861334617982,0.7017893280204532
-2.814557364398922,2.1196752785695017,-1.2760456586772668
-2.5154902415841853,2.4838952587835452,-1.4410725363733006
1.5356248439831608,-0.6355661271509148,0.6772296408782434
2.057243211738683,-1.8926018237835978,0.9308912212415632
0.22953907711814847,-0.5410341864042603,0.08090914571582886
-0.09037734159027566,-0.08983298408491469,0.15644832105802786
2.7721005743475717,-2.538073033610024,1.5824464038805024
-1.0022717931423495,0.5643908897736631,-0.4589415167752895
1.9715800051226422,-0.8293919143026718,0.8348219695678121
1.3710715446571586,-1.128046316467234,0.7801731608613878
2.1053424161012706,-1.5694995102336127,0.9912299592026215
-0.6755627052616348,0.8814060356402278,-0.4358521598913305
-0.45560897720355276,0.38486892620174973,-0.458559675520374
3.3324277807496667,-1.9914588291245203,1.4804004008267029
2.312546203433734,-1.9476346336812724,1.0544147292418096
-4.090219131081682,2.604939430208692,-1.830863074792913
2.55932804349124,-1.2665308631243262,1.0593677518984905
-1.0452617696980937,0.8234379631258412,-0.30506168896595476
-0.0534210796270137,-0.2246413667968563,-0.04418057705057876
-1.319436657427048,0.9110414692022349,-0.8161902535178398
2.4535226664590497,-2.0634445333590237,1.142587029737478
3.2379705665398433,-2.6782347263333044,1.6285886035266013
-1.3253578991902293,0.7778551482923266,-0.6978500619146688
-0.3573716198881992,0.0061020779272323855,-0.10989203877997955
-1.156990577235161,0.29172993427701455,-0.4935668274018812
0.29970755836412377,-0.3133177907670509,0.09092328291041607
-1.9783925952643315,1.1324721888504832,-1.0412381486923104
2.879539450560084,-1.6403763155765179,1.2716536392686981
1.0074222860677016,-0.9538979995341115,0.7117603010980811
-0.7564895497083949,-0.06078321070909698,-0.20556711400966465
-2.731113976582957,1.8765454349419333,-1.2316528006297354
-3.332753177797077,2.463644283703376,-1.8608271949405903
0.998521789815928,-0.7418795275759419,0.6986748672142693
7.808404148379466e-05,-0.5310528669871957,0.24402474231876115
3.291415940787672,-2.767457467603278,1.5281864856036123
1.9215491975003938,-1.213689298594338,0.8657916991567647
2.4285096668833703,-2.1151648604603883,1.29141405269886
-0.8796136308941974,0.14480333656423117,-0.21357500610400493
0.7567584048088277,0.06818169877545988,0.18425998466939486
2.3765291154868673,-1.9110086895480023,1.371463382624572
-0.6094595552184451,0.5245607599678082,-0.24059583382434058
1.5999158723722617,-1.2617245809616868,0.6361275260712671
-0.2647189667438714,0.3220619276453677,-0.36643845567654587
2.292466317419349,-1.832846054510929,0.9571674260154119
3.537439526806746,-3.0344101217677673,1.7720317960109866
-3.406057228740509,2.3167543242674773,-1.5075086056054139
2.0693011267137384,-1.866734298528482,0.9655316209374911
-2.419535981780828,2.1828777124486436,-1.3871101117540876
1.1912208992146818,-0.40132435984368386,0.5069444678825188
2.5952999248494617,-2.538946906061434,1.4764800261367275
3.076896210928756,-2.534291522770277,1.6855120736534692
-0.22662629681652413,0.5485539111499158,-0.2521360075443613
-2.395894886016797,1.3195429961738894,-0.9553797358415093
3.8482762518590095,-2.2080920506480077,1.7273312539279138
1.00444358468517,-0.3873899887635128,0.4040633330969534
0.6970888642700848,-0.7084822325277306,0.46178924728430903
-3.2644737049308192,1.8995558156581522,-1.5630398409562152
-0.9671255045056436,0.5620079307099636,-0.3349586512517342
0.5922582924935398,-0.6541965059799517,0.2480519135722492
1.5282543905182133,-0.6869337517923432,0.5206106239869914
0.4943985902793899,-0.22185690309213957,0.14639495734219565
-3.8442866758089904,2.87102310196056,-1.9346250636966067
3.7945156328561755,-2.3806194317003624,1.7104423414207153
0.28160235854343807,-0.737199832298962,0.1931621080741781
1.4317586168933683,-0.5432254850557959,0.6644047360499639
3.059382442736721,-2.3102257160726642,1.570608007549838
3.5300034865440484,-2.5375661225581676,1.5918154180440642
-3.4401293818503342,2.6566318947044127,-1.892364284983071
-2.52629666760836,1.9474875133261884,-1.5069754026731355
-2.7151718445589457,2.430241379634102,-1.4326969249222183
0.2696760617544903,-0.06384387755203935,0.3184595959656664
-0.8239235652346978,0.5388718928937253,-0.33762970585494134
0.32221113584784,-0.455787903456053,0.3005800016312956
-3.783782246270561,2.777487937044331,-1.9892832946330663
1.7475060262281357,-0.8448893719568816,0.7463993905056086
2.8388670313509117,-1.3806401700405462,1.2129817371384712
2.243823430061016,-2.381219625751257,1.3208212649659608
-1.004246727069525,0.9698436696084952,-0.6500396710832725
3.3323582132946328,-2.0751566791411724,1.7050003376676472
2.8132473635462176,-2.403868376587541,1.6542794344944425
3.458792292297518,-3.2768103554529966,1.8857532739920555
0.06346927492431564,-0.7464376775869448,0.2333962674987098
-2.5245907728816444,2.2230077210341723,-1.3372519887669059
0.9525309373522869,-1.0783619254846646,0.4119437858785826
-3.2875372295071976,2.3281097145183187,-1.490743949630866
0.8599047863113115,-0.13685515577916518,0.23505277596129437
1.1910896982112527,-1.2988366136238056,0.7886221399650393
1.4401655263473985,-1.2813069715241887,0.5882635236110842
3.195127949914061,-2.018159028156829,1.5764761025855303
-0.12899553538121322,0.8262484372802718,-0.31445662065910884
-2.3132114730524305,2.304484975961244,-1.2315793005978306
2.2172044175092482,-2.02764091427818,1.043944530604802
-0.4920309284304175,0.2872299797617054,-0.14219315408860966
-1.9483185913256165,2.140268384147695,-1.1649444168271308
-2.466452312425457,2.1053994164721734,-1.156567088314679
3.6792983569703637,-2.540632389663571,1.6106821183140339
-1.0932649730500636,0.2752256262674053,-0.36055847830797827
-3.2656634987334527,2.7029732398931365,-1.7656421726136462
0.032907317085397736,0.33205547865747564,-0.19968857445105037
0.46550242829221233,0.43355883684740615,0.016387449133733245
-2.8439331318683134,1.869300605106281,-1.3248196140809445
2.661938723773919,-2.0286412022905926,1.1635023363732269
0.4395041383663113,-0.9093125514215215,0.3643615216868672
1.9726457604597747,-1.0963578620703518,0.7864204015147371
-3.2297465133102254,1.734382509964656,-1.3788126882471525
4.128944746530758,-3.0324371832668913,1.8965331147701616
0.24197974398771516,-0.2514862421497941,0.07815750253694365
-3.87487318057538,2.8035710669876424,-1.862038075132554
-2.5760303355991647,2.6914833632831074,-1.5332601111133477
-3.4630517723462173,2.27899660036224,-1.6110788474415818
3.872235466554349,-2.9972969530807076,1.816473459924036
3.4559833060856953,-2.9300023106301833,1.7712316107674164
1.1250521621232255,-0.7536928086751129,0.35182489415922724
-1.0606814624435041,1.140538900228693,-0.6849754396763261
3.3986373477504,-2.0587664373515677,1.6872297664607614
-2.9911318114628167,2.0866817616748436,-1.6629148209538784
3.084871485720685,-2.5395088732669806,1.6174525595782199
-2.769400849190232,1.5938838995334241,-1.1766755466276106
2.6334770583928466,-1.3401005330217233,1.1313855874478205
-3.8440661355844234,2.7253002003273377,-1.7279397703121075
0.45942950897693224,-0.19146928880254943,0.3654120128734042
-2.8520451156577877,2.2533259518939306,-1.4567669144534472
0.634558230177542,0.12439041053280853,0.12265165742171691
-3.2692179983835734,2.2882559184302838,-1.7165811669135542
3.805453555269985,-2.4048429633921535,1.7593130375833468
-4.1984478453785705,3.1466421204368036,-1.858573792861217
3.110669637674345,-2.1380518891803457,1.6582964604429802
0.4839479968551248,-0.2776274128632097,0.3686203384930109
-0.18444575812685904,0.39456959072704345,-0.2980356921296301
-0.5108719244310438,0.774562552757432,-0.2886205274026392
2.9465039409449822,-1.9962702314466636,1.6373186385315877
-0.6391563187180539,1.1403620021954948,-0.5034752676083953
3.682572333795321,-2.086906720670513,1.6233598796922557
3.6603632390436225,-2.4774265898234025,1.9299038341742603
2.793102322676634,-1.6778079063365399,1.1773973480486641
1.8494731708694987,-1.4496501333229834,0.7399930286097214
0.24674804400466865,-0.29118538685494666,0.020533015487524064
-0.23263336282824076,0.2638599510502241,-0.002465360709035025
1.8667795773790954,-1.1572394060499676,0.886719048332373
3.4986631867872493,-2.8318015359230664,1.6760474577150486
-2.0579767538151494,1.532136312402661,-1.2435915299261024
4.008994595559967,-2.1981373326413607,1.7835608367848645
3.0121285681514514,-2.022138443206683,1.6525066820006469
-1.8704153363207157,1.5859459457223468,-1.1778004058779699
4.243825201946338,-2.515317482219085,1.9333570208936646
-2.6503073096691927,2.254290619758468,-1.4840850288149663
-2.1152128241972648,1.2871159688427056,-1.162923191816693
-0.43855308073583266,-0.05111110450768741,-0.17446206243571183
-3.7373700201837496,2.2835095101048664,-1.6207625584842678
-1.2065158528374091,0.27062439107971603,-0.4220472696990383
3.3236118507242707,-2.4275805973586984,1.5693401986938027
-4.29023827313113,2.6089839956609184,-1.9651360578822334
3.110497560768974,-2.0147819123065376,1.3780657028639753
-2.982783197220184,1.6237485444458422,-1.249800424394599
1.3484864359258544,-0.8579470198852597,0.5831326513113875
-3.663316539803425,2.32174829699226,-1.6818288316077084
-2.3541497846164843,1.5070727665742176,-1.024032255690301
2.2242092450145954,-0.9106662661692008,0.9123384069072422
2.9152739578359483,-2.4562311134581924,1.5652140870842413
-3.14629766813232,2.6086975912690424,-1.7236789246558617
-0.2981510709245685,0.5908782141918761,-0.13078948356355768
-3.8937070318125953,2.8542625074121153,-1.7637867399060028
-0.15796826276504672,-0.030735148072284835,-0.2714319917042336
-2.0078624693663647,0.8525884333788023,-0.7729462607755551
3.7129917406955255,-2.539963373907401,1.7845386279573843
-0.7490001736769732,0.4950166320707575,-0.5038640722328318
-0.8301982697192256,0.6471429701737987,-0.17822107249207741
1.452815613767781,-0.7117499520566093,0.6751134935993233
-0.9085633382090431,1.1981844071537742,-0.5466637731994042
-1.33563642563981,1.422124441183068,-0.8679225024175996
-1.9946122089725196,1.352420562545451,-1.0184301904159159
0.13406633040308735,-0.7344359566115999,0.16511444233733297
2.720462103983931,-2.3492547954109653,1.3718996169455622
1.4574587994429187,-1.3877431374907894,0.7584711842088439
-0.813160627154316,0.38017164803106085,-0.37896930455940936
-3.417194338866193,2.12492614859393,-1.5546460365941197
-4.122530908521414,2.6581224885182713,-1.952438578417226
0.6996398673815893,-0.4856121691168477,0.26100156742535274
-0.7949772646566143,0.7975724629828286,-0.5782367895179279
0.574554263937446,-0.813506598194906,0.22544905829793116
0.9774780945701939,-1.2162783680177334,0.7207202198983724
-3.516016812559078,2.4085139049374886,-1.6026785603308276
2.359023450166008,-1.548744496405809,0.9967968228758957
3.9432162980313414,-3.0284019667830444,1.941908671454088
4.183864359794998,-2.5327003626592397,1.8761496998577476
-0.6063554984345552,0.6528027712108169,-0.3591087856853701
0.8016263078326468,-0.5168014841240213,0.476518004180849
-1.975513109861859,1.4413196043432088,-0.9374854490152966
2.509487658208118,-2.2514998573116936,1.294555696633628
1.6453316342636655,-1.397144951873961,0.6724465447999766
3.6416479341254977,-2.0081156139832794,1.5983638895663335
1.7500762963234084,-1.477635805691986,0.9090727683491164
-1.0271749833307458,0.3648508372111965,-0.48963716330779183
2.5002024684340434,-2.1635762552557996,1.4690231422392381
-2.03581323672272,1.1165328799794523,-0.779603549498205
-2.7158824580890264,1.78110203319939,-1.2456277552525359
-3.277202797217519,2.499034792172156,-1.5807658486023857
2.5019934499374767,-1.149027577254891,1.0958197802669916
-3.397855176126439,2.680463698156543,-1.615065382130382
0.020178413363376224,0.3549678352788097,-0.21456110098145054
-0.18534690320756997,0.3878468299281004,-0.20979561418556925
3.1254363248932155,-3.0250357902090657,1.7461167969343285
3.4778950205491217,-2.3415357135919375,1.50501307582419
1.353691207272842,-0.5953259211461132,0.6848736823307098
-2.334018699483173,1.3590777641895755,-0.9867514880295416
3.185669035790514,-2.1215274129968273,1.502458779877117
-0.4791102072424961,1.0821587859716388,-0.3999960820752171
0.8336711852734624,-0.17200522038695232,0.22275211057712196
-3.510863392190299,2.707499902894384,-1.8605242300138323
-1.8647826320502745,1.1045749825533226,-1.0339178074238498
-1.6496694406605314,0.878719161191641,-0.5921406633513184
0.6803281256405849,-0.23346780622780183,0.4767783505656489
0.6624031761859732,-0.1604814218747227,0.1686896700284488
2.3377118280158857,-1.5838794811334997,1.2832957970525438
3.6606012142345383,-2.655256327718546,1.6607761773638523
-1.2373624695287568,1.2479817083313338,-0.5871719707278924
3.452672560230382,-2.6109781582667115,1.5371226792084687
-1.4536435092118745,0.8190950168503629,-0.607792623401961
-0.753361359463719,0.6208584027938278,-0.2194267434945263
3.478015631620807,-3.0343476231405,1.9180155485864532
-0.4085872121270183,0.48033188478130107,-0.006480270873256533
-1.1960014489110784,1.1730729503175672,-0.6303611123403279
3.511337660349468,-2.7678075410133336,1.630055292325363
-4.284013541173795,3.0069689861143214,-1.9801258724549888
0.1808676854047675,-0.12922776870128072,-0.0198932028562675
-3.6701702680255996,2.9031716859102246,-1.955796557679499
1.272523925953013,-0.9796275569769537,0.8190091242829007
-3.1923598505354205,2.8606806398575197,-1.5860984460592022
-1.918016131830309,1.6336490366421659,-1.1749463949992522
-2.7298566713761154,1.8952628155553377,-1.5737978537158002
1.1805323041024156,-0.9430003060365442,0.5639181067168031
1.740835665382431,-1.3573177647143044,0.6965583773615625
1.3522801909940156,-0.8242759783159125,0.842056738600756
-0.3192918064040683,-0.38088496428718577,0.0809521002706326
-0.5363895126803031,0.468755910266914,-0.3804608392369797
2.6834215924339837,-1.5180449266455915,1.140529166346929
-0.04820346028539069,-0.614483151953811,0.1442391897703197
-1.2147744431427943,1.332726705433445,-0.6429260082667994
-3.056138443404958,2.5832522329230767,-1.4307536638392544
-3.406286338496796,2.8832357237026423,-1.7212462119014842
-0.24534758592242834,0.41507639865679624,-0.20853908460028148
-0.3776884366159171,0.2555006212363078,-0.1593855573696943
2.272092685343207,-1.6787588988827427,1.0678832516463639
-0.2030678389297217,0.6168481039861566,-0.18650524794318635
-0.28886711536015475,0.18720259699951902,-0.10205537839420709
4.16080006915505,-2.977349145512409,1.880774705838852
-0.8458606764903113,0.3098276969072934,-0.24229114175128652
-2.874338825088477,2.4721395392717405,-1.4695737639118134
1.3954288191180901,-0.6445164584749092,0.7545247158262254
-4.1819193202718585,2.8186565943143593,-1.984867944986627
0.17549928859152264,-0.37696289410127526,0.2338829204740973
-1.1613479421130606,0.2831705284656729,-0.3480949242694251
-1.9505656061277414,0.819278687586192,-0.8499580036239656
2.709996960128967,-2.303209065565202,1.4099873281808786
3.8256201539502888,-2.4890695211567198,1.9326137399847072
1.2378537394449363,-0.45436295665195203,0.5989982500945192
1.307058317736478,-1.258431452900806,0.7675138532800614
0.5971516641229709,-0.5281483783629128,0.19717192135013617
-1.3197534676981477,0.8145535255015713,-0.4266092589790311
0.18582392686708304,-0.09715120998840332,0.16802669465387998
1.4310302276855489,-0.8250594549260487,0.5059073337438331
1.3279459080060023,-0.9444263621560695,0.5397929838078555
0.6477912545425752,-0.3697337451517474,0.5682630666562796
1.626838691197211,-1.6800505778900088,0.8225594265987586
2.485474437275289,-2.1478546032623886,1.1527890503097549
-3.4434145060094323,2.219382099596989,-1.590772553020399
2.9004353982090603,-1.4229228166696362,1.2456549535426653
0.5853555162892834,-0.09437794181776582,0.3335625002138194
-0.8058035477852217,0.8402736967534357,-0.5099972056067483
-2.6118650808771076,1.9390928289040774,-1.2141898301152065
-2.563915587055271,1.1458622913103542,-1.038535640243818
2.4446830986562493,-2.0662033685328574,1.0909434801325246
2.4522217566278988,-1.806851046829973,1.0367365629056726
2.721702115333918,-1.5371448052422476,1.2073445063133867
-0.38637112410469476,0.30560526183121306,-0.15878652205983546
-2.214018204979713,1.6238786967591055,-0.8869625948053046
-1.6022444298774852,1.0536867718050802,-0.7055970634913429
1.2837083508631868,-1.2157585628410905,0.6127155886050071
-1.484598937357833,0.9171943827396316,-0.6508236208221923
1.5937787659468572,-1.5476658804396504,0.8688286626651212
1.1569185085176048,-1.0608218699559018,0.6958181894436786
0.7689080307125367,-0.9696591802013651,0.5680184253483183
-1.1167949852617254,1.1784067534577063,-0.5597504900286028
3.5938504389034485,-3.087725243810342,1.726416245408346
0.5773836247332602,-0.2011607126282292,0.21287692904304079
4.1111057365055155,-3.2513473907652717,1.8387432272174662
1.84483431028835,-1.3385948585260934,0.7303567350610813
-3.9722316507693956,2.5485878287096906,-1.9965499327672864
0.24100926871053496,-0.10861337305729857,0.2690951733000184
3.0763052534949025,-2.326208320233813,1.7523254160998119
-3.403951206282964,2.2765562390271494,-1.593563175300357
-2.3978059786522405,2.253784375376509,-1.3563196248029543
-2.719180345863765,2.631097795600171,-1.4944776163975457
-2.16613451309763,1.7887000600152396,-0.8598501299066181
-2.8048806228400243,2.6992254454334876,-1.471082537944591
1.4774891306050728,-0.634829759615851,0.5843715323661667
0.14354316974798897,-0.03560304987693497,0.17227469472314594
-2.343775901494233,1.7287563464408202,-1.0746502672643197
0.5375814782166025,-0.35802070144319165,0.15019066437386908
0.8600502769659268,-0.9259262987756067,0.4057179271340323
0.01457872298134344,-0.08237651293520842,-0.22792133563050765
-0.8709815452693735,1.0302941818668114,-0.4796723845628539
3.186525164152564,-2.300168167305495,1.650195590120548
-2.236246402108661,1.7743196570408748,-0.8897744825967941
-2.223247273235401,1.0896842414056969,-0.9383290477534905
2.2043134566002758,-1.4889870477733096,1.046112226770953
1.2017167655770182,-0.9903629391215104,0.6607437356279302
-0.5414379365232684,0.8278998384282344,-0.27194501991074427
-1.4601470653060642,0.9482409535714205,-0.6900675286105735
-3.8892099183015354,3.385168004320471,-1.9375167443372772
-3.504787991305179,3.1941153338756427,-1.8999681822147934
-3.166436349381577,2.892722567131402,-1.736534925692868
2.018604973213746,-1.0057532595904215,0.8106729397187977
-1.7894389727721238,1.7477232063542911,-1.1418985667927446
-0.2055339732593925,0.4499735198761723,-0.2466892090539261
0.9225628018968324,-0.9398102019658988,0.5797999411442332
-1.7140766390631148,1.4200408588906663,-0.7062134972357677
-4.050513868528773,2.5027264198295622,-1.9325879818246081
-3.9568543457259526,2.685526728276893,-1.8229412744679476
-2.484498627380678,1.333444758877449,-1.04359155553928
1.2055660675162085,-0.2213793841795606,0.3740296298293151
0.38736019452215686,-0.06876339206116555,0.3676110846948957
-3.601319430108915,3.1874054647377856,-1.9952671903252353
0.5374373001061878,-0.30218914750401527,0.04209555100639051
-0.15533023532833645,0.11140426940138892,-0.023411548722327424
2.2514799714025133,-1.302186731841175,1.1328045776211302
3.007708626320687,-1.9528494452566116,1.4786440823334623
1.416226532877324,-1.0009568497861152,0.892086176567576
-0.3799593345121235,0.4848676462923692,-0.21924916261122318
3.3495731574676335,-2.8747653282824377,1.6673523454714556
1.6342541208826913,-1.8948893507241338,1.0497706617563298
-1.200047809137183,1.2922432986738015,-0.7805877611193481
2.0544153804920176,-1.2425417819567257,0.8481458012857326
0.5685843704260839,-0.17986358507236377,0.12610820438479697
1.107744734215838,-0.739524712660946,0.7445063912567278
-1.90511170912541,1.507121999125501,-1.1081206053974295
4.122434950245918,-2.691870523307168,1.9333470607401573
-2.31782594437721,1.9552668736664627,-1.3389752848905045
-3.2104907962869875,1.9639480228557504,-1.4820752569189346
-1.8833647909957203,1.3911330097556782,-0.7535498729613219
3.4550668495082686,-1.9084982624703586,1.5680526747127983
-2.1914161306687636,2.022079540303098,-1.0703484393767595
3.9040954951267373,-2.8671214235703366,1.98298615594631
0.4533779966002234,-0.8459774751159792,0.32316127401838113
-2.1728900917805323,1.7075175688396587,-1.1007760434829224
-1.6380891539682885,0.7858825807923991,-0.6948055527124333
-0.00018057405381799452,-0.19484640268373843,0.19152994376556087
1.133278585425587,-0.43462194409179733,0.346093899363749
-0.25314509567652366,0.14942183711762513,-0.2512809845387207
2.4950955934972376,-1.8001692222350516,1.096166517765023
-3.5941940043749048,2.9229389576327702,-1.9062723766410516
-0.022432358038530165,-0.08077568015556125,0.1218880008495371
-3.1134088920930463,1.7742942083307465,-1.416857252881139
0.21982558681497077,0.21140975297603604,0.07126222987754183
1.6735167750981634,-2.0771499254364314,1.0603455615343993
-1.1893514691782259,0.8296729894933449,-0.46359278889635736
1.1491807364279247,-1.064009934120913,0.4568305970436235
-3.4934955440898516,2.881558229697811,-1.7519701675876735
-0.6761700797964317,0.11060235533634188,-0.33725871090599835
3.4812410926828035,-3.3981875887852393,1.9735722753331242
0.6337499574727357,-0.7611023715994951,0.2495191450132861
-0.09508163226745503,0.5296636113025499,-0.23258124585506357
-1.8210119971022116,1.7988938660305989,-1.1555878081286255
-2.7901454075471217,2.3329332401689387,-1.3402501628903587
2.2113803839451442,-1.4979410031982665,1.038529006498237
0.4400835332035793,-0.23893537838262113,-0.01342565089654757
-2.939372464212737,2.255279321137947,-1.2656638442943122
-1.563435382581562,1.3911010966440487,-0.9785266449835874
-3.452286489335609,2.0209298962523885,-1.571858486786613
-0.15217323674662242,0.6846761943726738,-0.1552684616950586
1.4783732825355291,-1.0742803009164277,0.9079781800428965
1.0286125935585242,-1.2636991942644737,0.5936621447421513
-3.4522908455321435,2.2832591103733253,-1.478744026648266
-1.0912195530703204,0.8119989646667302,-0.5410093485369556
-2.832997232344606,2.02508783133777,-1.645731727897299
2.8115171049464824,-2.5918622434923178,1.6546239999380075
0.816910152161927,-0.5180281535162409,0.506413002965652
-2.783590529523225,2.1995219596460323,-1.379957135815125
1.2614290772380783,-1.324467774521168,0.8391446064580688
3.8127838741198063,-2.7091384619233616,1.792935984616224
1.4446473298639657,-1.0278757278832835,0.5424654054173979
2.6719251375739046,-1.9477202136634428,1.2036007992121966
-4.39287155377218,3.2182271898273362,-1.9922744811335966
-1.3856113418736355,1.149185754192927,-0.5809893954721703
3.421829992127656,-2.5857340717488184,1.6827670962876495
3.0698891825110266,-2.1366415645652155,1.729378142858578
3.4809748155970226,-2.278136082966925,1.5667177465364852
-0.498611411870153,0.7235936470248457,-0.2566438277514451
2.926459540775725,-2.3797485256576922,1.6510143163958313
-1.916839744910311,1.621904281342,-0.7557192078542241
1.9262295467039268,-1.2376019656489503,0.8992606529303422
-1.6891404941231922,0.6535146311543816,-0.7439462086571735
3.8091439334428383,-3.0611660834132084,1.7738270649890882
-2.4829782968332705,1.7826607597288326,-1.2736984108770706
1.6080343898395086,-1.2102090618974422,0.8062725174603309
-0.830587495055816,0.705319394555915,-0.18400985198098452
-2.183344052858246,1.4658925074421396,-1.0233162194900993
2.6141388186944794,-1.923795294481743,1.3229990104167566
-2.8573889366681646,2.5283588510209,-1.3755551344080628
3.5888538839818693,-3.322147017843573,1.9523682513595948
2.069429077315533,-1.634563143524942,1.248367750900821
-0.7655155253473356,1.0312266334018896,-0.6102918259448953
1.4699067346816599,-1.0998725311292612,0.6985024714886539
-0.061710287707342326,-0.20975106246026187,-0.11898820769041807
2.7955422108805683,-2.335928087047497,1.377633372886848
-2.5330688920489957,1.6466162317012998,-1.269832236423413
-0.12641248854108555,0.4615980929639254,-0.27195223079987096
0.7896455435929668,-0.4190375540815551,0.3890300538697775
-3.2475134046209346,2.7822636562429226,-1.7683749263604454
3.126674822630259,-2.5795466299326133,1.6478203887109846
-1.964279178138296,1.2070155575856851,-0.7710732330622356
-3.4007139764762986,2.4469885548438635,-1.9353406663749904
-3.316042637168721,2.933014731476813,-1.7349163978196533
2.646851432175743,-1.9679344101123664,1.176195463805405
-1.8016274928494416,1.076137282637912,-0.7804799893716825
3.5731913261456176,-2.7499497092246523,1.7184821100001133
-1.8453287763987822,1.5945061151772952,-0.9573498235723878
0.583808855509311,-0.15232860396059156,0.1383347635038774
2.1044662515283297,-1.285651229039182,0.9752535465826004
-2.2279273225865026,2.431538428777177,-1.3227361373621456
-0.9442014325191167,0.5493354956740475,-0.5591454583528379
3.615038078589979,-2.9025760706318,1.7189482357123222
-3.019945050777746,2.120243060858971,-1.6467127728861524
1.9800829837412373,-2.00071954952542,1.0743456464454342
-2.057028476658313,1.4531090629004595,-0.9382284604755449
2.127299562360466,-1.7726790110777884,1.2776908999649579
0.23952627123095138,0.05081108111563937,0.16487551601658712
3.4669774639612823,-2.6511255991778757,1.935667989336216
2.8674206101297095,-2.593635275495197,1.5750460874770602
3.4841903312444322,-2.7661362762296156,1.9733774896718987
2.438967187479144,-1.343125689333494,1.1910867801872937
2.8189258965757755,-2.458651466015545,1.3795378760494974
1.4027958917657832,-0.6509153887014396,0.6141431904692718
0.5074346664782659,-0.2970076365912985,0.21196132220496722
3.1219848817800933,-3.0686740677388844,1.7960730910580596
-0.6425007724571162,0.3597046258149361,-0.5439109128948623
-0.6137955190730098,0.307141026375491,-0.4400859232595655
-1.3437313581889894,0.685760134212683,-0.6928390406533165
-2.076702399826439,1.8293318391610045,-0.9095435906508533
0.8029335412924128,-0.14365025932676245,0.24433651707456416
1.9695631901501953,-1.2506494810636573,0.83052673417499
-1.1532666718158757,0.6645761157579314,-0.4131474854743704
0.9174964544513523,-0.17611339758612443,0.42766286876512716
-0.03461288950564445,-0.41424675571058767,0.06904003001559822
2.5692223165580748,-1.9469426933104939,1.2764766719799354
-1.9811633221429403,1.250929683382476,-0.8355611112059966
-1.5600814393410194,0.9829871468776712,-0.7346593428082349
-1.5779887025039652,1.4393469953139402,-1.0279953576403167
-2.042453165981522,1.9492095712438615,-1.0631597446273982
-2.175423305335854,1.2401332051914582,-0.8498806826158058
2.144315077621524,-1.5886681409161922,1.1490626366486185
3.543648490963764,-2.381770588153713,1.7765369286319572
-2.3436101652650088,1.309951728246142,-1.0456276377326734
0.2592862142903485,-0.3574819135201185,0.04768817546153814
-1.791907506419769,1.478212154397732,-0.7049646460794969
0.12184861919433465,0.011339540241092294,0.03754545103296847
-1.113697023764991,0.8610344602062201,-0.39197779865800664
-2.1024785880087933,1.6654563807245026,-0.8724589328313015
0.8411751372266116,-0.32122347062891443,0.4889108605706127
1.138389028034147,-0.5211061387485137,0.6102884386486633
-2.4194830298883927,1.6094762150082427,-1.0674563439034697
-2.228677516189407,2.0760574840161405,-1.287300106373956
-1.6756015120430594,0.8990008610806849,-0.9069455386517351
2.7353131740684824,-2.4451530255568157,1.3912158863055772
-3.4804107503711443,2.4285513307010396,-1.9255486997116913
-3.403842332568918,2.1940940339521546,-1.6386421605070982
-2.8157267451888903,1.8582832651840429,-1.348713307153313
3.211518345951314,-1.9111107544354267,1.5921395566344203
2.7994289542947817,-2.159289366016085,1.5376640493147344
0.7816191478737088,-0.03093793986653315,0.2505839861416814
2.117614547206508,-1.6708571607911593,1.2725649353516237
-4.437092565107362,3.1242510581681415,-1.9705642769048834
0.16504646271579804,0.04048248042282543,0.2930748320029277
-3.3396866485310137,2.947539429606663,-1.8976627563412602
3.804037649861125,-2.911591877833337,1.7972928904828023
-2.3575969086525896,1.543645076363763,-1.2845568581611921
-1.2262344144660315,0.744359015678124,-0.6199927626714179
-3.573315134793832,3.245534867956143,-1.8330561834719337
1.825450819495272,-1.4847408731968845,0.7076416355685722
-3.815077269900833,3.0686537053491305,-1.7381335258529154
3.5566853136990977,-2.3813702624931636,1.6153501924130231
1.6389816721615271,-1.1530377198371695,0.9710670383628659
2.210860798338007,-1.568998370201173,1.0624732267094914
-1.7021052916558075,1.3062799234397025,-0.8570621827382627
-2.741465089942657,1.6879800460287544,-1.1527612271451786
1.9375844601961787,-2.264180956817819,1.1893429607612829
0.5582151558713246,-0.19333369648244714,0.33376728684457513
-2.9469468120528997,2.2000083547248495,-1.4719903952360998
2.8378091563402243,-1.8143995479798505,1.4600460345713815
1.8173132767312596,-1.3957364069864058,1.0442757339290454
-3.2656890256800155,2.4590583810611597,-1.6378020747851463
2.798951489408584,-2.241753990490576,1.324931420116497
-2.73048975926869,2.4151247001591236,-1.365946291495538
-0.10452831435038323,0.3669872659958868,0.07577015552322308
-2.13240603164377,1.8681930964610145,-1.3113636401890556
1.0254166250912458,-0.3809376483716338,0.34422805466921913
2.822637926439868,-2.3738756668282606,1.3602103858879908
1.41528523551106,-1.161955957339378,0.4602929412416228
-0.6548384788099838,0.08473018438301205,-0.36437615013217517
3.0841481311537433,-2.033947858972587,1.4143569386013835
-0.9223954681392215,1.032890488581931,-0.3791861492313129
0.7024569473421609,-0.7249405755458006,0.5662318110505544
3.290314498740521,-2.098957921271775,1.4469136428310927
-4.083684478952819,2.8252208697109475,-1.9026304110262884
0.7610557749872674,-0.9348498659071804,0.4149902517016164
-3.2039359550149995,2.265242311116051,-1.6846829419786382
-3.7188291362639663,2.4018489263570646,-1.9048103545963007
-1.5159298378926485,1.2796266585123537,-0.9241738211163475
-2.035953468117647,1.3631991229527678,-1.2375015286784574
-1.2009053211826786,0.21463123264640094,-0.3539044635814985
3.4874772848361477,-2.9083994935359687,1.9799672392715224
-1.6833720251404947,1.8498737721044696,-0.9465104244995102
-1.0463041521503893,0.3880283415209682,-0.2928647577874588
2.3489963237519937,-2.094648767033498,1.2975050849265237
1.7184515522469783,-1.0202828090482607,0.8423491969108872
0.2265535557371291,-0.2816528078478777,-0.012432778832960345
3.883977884962591,-2.8140252931342844,1.811063988223689
1.0267947705504037,-0.8070505156846032,0.5577292602717194
2.698795702691542,-1.8734187004137777,1.4068237249169382
2.435498065846248,-1.9925855103531973,1.4331917154246603
1.3483540701753247,-1.0457264745904227,0.4607982668973296
0.7317983854037897,-0.3239243618069202,0.37951212678589963
-1.6879482535306631,1.0077745820343305,-0.7885367033113933
-1.9805182493579148,2.1820839069023767,-1.2358724373976222
-2.4609851225378967,1.7969561175425912,-1.3545825446670836
1.8231190102453416,-2.0343418953160946,1.1363776509705703
-1.1381778334000914,0.7700161119940833,-0.32219731857407385
-3.31520109233128,1.8631979839790813,-1.4818224167992344
2.9060005665530886,-1.8089255713386767,1.4913423344258923
4.029395854108467,-2.5717758051126616,1.8084411906048041
-3.4492483707555417,2.6599967635650352,-1.777330871453064
-2.7833011426265335,1.7342986304643757,-1.4726041207024578
3.166226418185417,-2.489517414838767,1.5975929807002283
3.4731440324669043,-3.2430882476618965,1.8762619215580338
-1.0382833693331759,0.5581139656699347,-0.6522355810720808
2.217845979982434,-2.02148118711651,1.304572228180651
-4.238281215421654,2.7149759396424775,-1.9479042325247318
-3.2512365889926276,2.0389919474538103,-1.663047893649757
1.8811992528183588,-1.3877744984830989,0.9275762336505671
-3.6397473649584304,2.1072357555872196,-1.652672026568462
-0.9346380623543965,1.0935778440181456,-0.4257755147640454
2.6282847643231335,-2.316549614313935,1.3735554488826427
0.7237831310090429,-0.74330938238249,0.3113572772977342
-3.2511370620688793,2.4206386679348126,-1.837022422609707
-2.4011373566970695,1.3752985509010736,-1.240984026791705
-0.3712739155395238,0.01707209737400106,-0.16615697358532877
-2.331002024709415,1.7573334724960334,-1.1935737333559935
2.080509074821873,-1.2063130997818332,1.1254995209313954
-3.07873051891775,3.034141143555136,-1.7598622852516126
-2.0594809860668457,1.5364314858087882,-0.9345716014092287
3.219618395411787,-2.2054181012303427,1.7579083738413734
-2.7264795165644347,1.9937134394919802,-1.263117053921102
-0.33923086148061976,0.12028540707993762,-0.24878424676677513
3.8263357991697986,-3.135239708470356,1.8414713359084791
2.9100399322659234,-2.2310578880071876,1.3058714830402307
3.2096858404821025,-1.7425509621946378,1.4269905817241897
3.5795540299632798,-2.0888401983300233,1.6341802701443324
-3.69939333069644,2.5490923703847734,-1.6055831396345317
-0.4503861703919634,0.29119145701607074,-0.2769425403455754
-1.485356427644382,1.0709427978873793,-0.6299892990357208
-1.3645981704030827,1.2137771618528759,-0.56017657355443
-2.224563448701579,1.6256211939576395,-0.8708868860847918
3.024185432979504,-2.7084913441594636,1.6967043762152083
1.7785442424135625,-1.6686418998393355,0.967017576524293
1.8061818787372508,-1.7057356901578813,0.8429617626639145
-2.110875103358735,1.8232605168065805,-1.2990028569284928
-2.9699935038172516,2.154803123319355,-1.294188298365143
1.7640498739871813,-1.7244211500663769,0.9361336859294807
0.36027037973375986,0.20309924117194955,0.06976597213118607
-3.6191386510778654,3.155388942382329,-1.787373086970133
-2.83858050163463,1.7160966184893214,-1.4246496341303998
-0.36656397117781025,0.45780292369980313,-0.014533032564243431
1.512199487912238,-0.49954399790682624,0.5691211804689833
2.9589276852083777,-1.9991919694595093,1.4208274120777276
-3.0272706293892995,2.2978207591100794,-1.6061181200635253
0.2789858606216151,-0.3090461806764151,0.22618217549940578
-2.8748071533467145,1.8312269674894157,-1.483229602848859
1.103494241529134,-0.8244019170415997,0.39601410753565647
2.8995842487171095,-1.5860673494588307,1.2078606121337225
-3.4175428963874657,2.7643554945174333,-1.516542433663186
-0.7461923300350035,0.04263940350182727,-0.1986783701668302
-0.31469161108568966,0.7105239643678015,-0.2927881071292644
-1.43386255879975,1.1245059779910167,-0.722366658375067
-1.2197228964683338,0.7499549048072536,-0.4790407696752088
-2.0052914197496543,1.3788045646747529,-1.0928940660719575
-0.46673028711894127,0.5320829749672146,-0.15336647356377497
3.3102900333884016,-2.1861676292294714,1.5768301408382035
-2.6257749632581158,2.262970610220761,-1.520122008559107
3.405499481527418,-2.6035922482934257,1.8868566285648347
1.4788427924540963,-1.2204261271812085,0.929572896168132
-3.592493888333827,2.1440124299227565,-1.6948516378985783
-2.3278840103933796,1.6027182092899115,-1.2997446691905763
0.3500603316271752,-0.27521522756172134,0.15967647388452866
2.0978972818402832,-1.8349231046540941,0.9048083309207704
1.0495773158028556,-0.5082657981259492,0.4203734788905149
0.7546870386399761,-0.030385124942080788,0.2781323538679761
3.118578350801511,-3.0089776058573086,1.7388274057600497
-0.24919874034380451,0.6217276275151487,-0.31388511257934937
4.136751460547385,-3.2932840371987497,1.989270146006445
-1.9546821044912799,1.8269930362356934,-1.1027695930052466
4.104509104039887,-2.6021218181921904,1.8639379110193475
-3.1512673411716485,2.2503710441931,-1.5730739995016476
-2.2677357226657326,1.8507559304305143,-1.1894830984220337
-0.4389533347328348,0.30638485764298196,-0.4454680726742346
-2.0613031114631304,2.177910380751134,-1.2781961542023463
1.921034396651165,-1.5361357611859159,0.9969851420539824
-0.9694371035781734,0.336630367557065,-0.34901708488418093
-1.1108778097206158,0.5150490725007024,-0.6260777848614354
0.3570945082015289,-0.4031570098870877,0.20188157868701495
2.4534150347933616,-1.376193146514777,1.0899620370756966
3.056579182581204,-2.721708287401463,1.7256221580400868
-1.9359884979264332,1.4891610734074023,-1.0949150715545617
1.5974075231071825,-0.8843622428075977,0.7041624873785199
0.8114652277498313,-0.24935684183166484,0.20503152996370666
-2.5834420497580903,1.394806791513123,-1.2443085971763623
-4.195225282814093,3.2477547461016525,-1.8805410572144377
2.015017618807187,-1.6123327941090069,0.9980652771131031
0.790782656566087,-0.5968522582311407,0.6349182784538954
-0.7317299942244514,0.8710164932723072,-0.6123766540107831
-1.162222349369514,1.5105617473199062,-0.8178327043511691
3.852568661887688,-3.1906762642825606,1.8276834047028516
1.0886913900856736,-0.603524161441606,0.3451856019412065
-0.19889789412789227,-0.04730326473723134,-0.16789459146679464
3.5794937636731334,-2.8036369930713576,1.8407461495677144
-2.734109225202424,2.076389546075489,-1.2531770923257572
2.893513629948368,-1.701226400100989,1.3479761534060088
1.7131055658933292,-1.11268532215791,0.7367703356735809
-1.0844099290463767,0.36440687450580744,-0.30773464564109787
-2.951057646732016,1.8385221243341958,-1.225667666231895
-2.7616857629963616,1.3218660111507718,-1.2031366124430156
2.7931332209809856,-1.4111138413060687,1.1679185183860694
2.1723277506786998,-2.1942941246407113,1.136710873043552
-0.8551314770618224,0.1002764254225117,-0.2810353014753839
-0.33211289541265876,0.007088524075027247,-0.23919569479022762
-3.1255765545667185,2.3637472604159697,-1.5105822318904432
3.0896881048349614,-1.6541332260802142,1.3261359335001162
-1.056305539524994,0.9154109003344579,-0.6731794926397638
-2.2109261501030555,2.014884444912831,-1.2248943935528458
-2.4039868584111734,1.5958364161697152,-1.348558370145975
2.60603504474929,-2.1810446356416793,1.4710675604737844
2.5966614612008003,-1.5756734486291633,1.3033995480583327
-3.517121185178579,2.830084802005962,-1.8289001852549678
-2.1668955855969436,1.1429254437956922,-0.9644729277842234
1.213748944876925,-0.7140872214926566,0.5267412867128383
3.0564323721205096,-2.7714978749994463,1.536350351679586
1.6628690481020048,-1.284573617191975,0.9109874554208819
1.057185955269447,-1.5382095471948625,0.7482483378245735
-0.7263850868545263,0.7620880569686563,-0.48872433747024324
1.591861591937926,-1.2957198786827153,0.8709273446311308
-1.8261688878038003,0.841506708383992,-0.7586517307150031
2.266609614229314,-1.6367712560430785,1.2640794042749701
2.416209127932781,-1.944137358444529,1.1212868736124606
-3.143836844057419,2.3231698776861354,-1.4071425958371342
1.3332700024101776,-0.5797292150680415,0.6676481547065967
-1.864183392631681,1.7155108272801143,-0.8175319976411264
2.226944972869304,-1.8200021488913567,0.9304111468536633
3.22579802772149,-2.468917644128849,1.6806342643127214
-1.6414783196881646,0.9376874930718553,-0.7421954548850205
-2.6309392818081516,2.39216464611813,-1.5419493391558095
-0.678077419387524,0.4598412829403856,-0.2801049561785578
-2.309838293867598,2.1806002601860874,-1.1484909913307275
-2.576648925814251,2.3017312695562198,-1.32142081055364
2.134086780408145,-1.3631343412718806,0.8599802467740854
2.15125038484,-2.1205808434357185,1.2475808804176585
-3.695225813959907,2.210296991809125,-1.6566913674046457
-3.2307682386133814,2.999733859536996,-1.7137888349506287
2.694448149465467,-1.6687722016388937,1.281748629460429
3.5863038338381843,-2.6374660544213233,1.8410721650487076
-0.9764929853561947,0.8958525210389849,-0.29740608290347303
-1.1071542574973994,-0.037610672970888825,-0.3046449651534693
1.2788717478149834,-1.314363671217151,0.8163972805191402
2.2483184551369613,-1.8558153162478028,1.3443402821518813
3.1424566950384127,-1.9470764768518443,1.5310328814395051
-3.582313352199387,2.7781852194581944,-1.9644709913474516
4.114219583868625,-2.7071134274055195,1.816171696786359
-1.8444499737003786,0.8510835454165017,-0.7343167845944727
-3.7762691822615437,2.4371765047297202,-1.7405305456500493
0.8099697018921994,-0.3471793900373671,0.32220079565267445
-3.4071858672676147,2.046176882516421,-1.60313233791631
-0.04676078786793836,0.25192765553436114,-0.23021400196202801
-1.2988627936611392,0.6151632040682501,-0.4182960069514601
1.793097322200956,-1.8405531207925065,1.086834565179319
1.1932106005641865,-0.5306964627693846,0.43045330373423063
2.654730266742256,-2.2564848486482267,1.2898892616946722
-4.144099514795455,2.777435171803199,-1.947281900133241
3.8937350529374677,-3.255088322178519,1.9098204571791828
-0.717882487556394,1.241472587055393,-0.6041262474512612
3.987931370646093,-3.1560081350171396,1.7917544943083334
-3.1357093824684865,2.7106503252791723,-1.7533653603805885
-2.7699729751414344,2.450679668858239,-1.3094622515487857
-1.5193342666395013,1.1838657609150802,-0.5675371224638606
-2.6086962889231,1.6845303158667706,-1.2224284541206134
-0.9739312620935882,0.9502614428429605,-0.6843971613593482
-1.5122823104096632,1.8769734683138914,-0.9961038895672396
-3.1159048702267462,2.4104787354277786,-1.5662276663402097
3.950958504429864,-2.68518543183852,1.9189686237198988
2.052326424713303,-1.80384994997771,0.907971176181642
2.995179208314565,-2.3249961907058556,1.6193659567605891
-1.9490324129749967,0.7599680659085164,-0.8109848334876388
3.8448009687989377,-3.46621722426515,1.9822931696009882
2.9432070210628667,-2.4584882410052877,1.63060977806362
-1.8208451812186768,0.5707497179416802,-0.6901351411710603
0.2460373033486326,-0.40021229580807194,0.22957381178557723
-0.8340650531575615,1.152545428514303,-0.6245984520787178
3.907073068261809,-2.8153688416870475,1.839563232044883
-2.708291481744502,1.481765192648223,-1.1774161426974672
-1.047149172960899,0.3467697910784904,-0.49171893251045296
0.4630911058931436,-1.0359187521779059,0.4804760365077074
-1.881524038189277,0.7433134591496126,-0.8001329174306
2.6308792279528666,-2.37906420294338,1.331021107155565
-2.171668875803483,1.7218752516597047,-1.0279158381110904
-3.353844044637322,3.009526508619072,-1.6884875426022883
-3.031560424365441,1.6316839415326534,-1.4069549425006262
-3.067574126901585,2.63930269198132,-1.6443978422903656
-0.23460965502074926,-0.12734287269230948,-0.04000349387732571
-3.7835897463661263,2.3083043570759396,-1.8643480771810346
0.7272836684459997,-0.7991474038737693,0.30528488106076024
2.6118861067605517,-2.2682813190479205,1.503085403088237
3.6782796233550346,-2.1519333050229226,1.6297990246714669
-1.569362824148251,1.097312108692405,-0.5658148135216772
2.852852599727643,-1.62420551247136,1.1942176405881715
0.14818765361976316,-0.4033704247032692,0.27833047202393857
-1.9729626507468092,1.692568478969115,-1.1593999671599682
1.1236803167087852,-1.2682911203922969,0.7534737994239085
-0.8852932039880896,0.12717151361947399,-0.3172528038124982
0.6794817302723567,0.3544592101192099,0.09524778406815004
-0.318794550993744,-0.24837298741665126,-0.08649783568592229
3.2921119068054767,-2.6990083407555714,1.4743128069961844
-1.750316949348172,1.2445103104884407,-1.0314536611426735
2.869881518438995,-1.9024585902081625,1.537279398723948
-2.5323482951410834,1.9145243741012608,-1.081629620394489
-0.9529327126443248,0.8750468972791673,-0.5740284834144824
0.13195936103664097,0.006111565281471942,0.20819346170301545
0.18888011312456643,-0.4698458902645295,0.08851117254361052
-0.31133585753765636,-0.3480168835160462,0.07655772679200679
1.3579212277517891,-0.502284923349458,0.6612656029382351
1.386262300227426,-0.2747539781431352,0.4803166536871122
-0.5916515927766884,0.451937802322931,-0.33107774288858804
-2.084089046962222,1.3054928954363405,-1.192581409114406
0.9851577084113533,-0.321157451345357,0.4272834101273766
-3.88462239981623,2.3350603379409502,-1.8064780547869228
-2.725522977597526,2.108088266302826,-1.3153075550337991
1.009271267937531,-0.9898688893042616,0.3961114649758626
-0.019100788973943517,0.07711209840488065,0.12321996402713742
3.1790497509228928,-2.292820383629051,1.7852228590951418
4.088049336105712,-2.655099632483306,1.864427630220339
-0.5614124531816289,0.07825243823723194,-0.33612126912284657
-2.159755151537675,1.671113707006615,-0.9770237979983527
1.7400069458028082,-0.759191400225207,0.6897117963275159
2.66182663920809,-1.876035731122984,1.4997745672760758
1.085514743985411,-0.6991892379396601,0.559256649665167
-3.2767710917101267,3.194620547962436,-1.8502818281019398
2.76581989683465,-1.9181900041753446,1.1583794315776896
3.7017844999415153,-2.8210277513123514,1.6082653565125504
0.5333324036973365,-0.14689850079281364,0.1654909736195891
-2.6990098468951107,1.8999947425934445,-1.2591687259333955
0.7222384677438375,-0.4319950045873796,0.2528797248537904
3.2466929201910073,-2.305959058111431,1.4729349659330437
1.4650549856543584,-1.258297841282313,0.5873376322668937
1.4321828581776148,-1.0332153299996538,0.7649329994547163
2.7622458301196184,-1.9487220484437728,1.299853233888197
1.3851012197016626,-1.2244594094747243,0.7575030729236798
-1.029761717175274,0.25232648270546376,-0.41116892241717995
-4.200049010593642,3.10394807523241,-1.8885983010011538
-3.381590143553705,2.859284636275987,-1.7724342766375214
2.1928816557492454,-2.0047871461844062,1.1034404975361314
-2.837858565935057,2.8150577849764904,-1.545187889453954
0.12803460289271562,0.6399938506499897,-0.1602595358355967
-0.5032490283980948,-0.04005991608562132,-0.18410669733283402
0.5216740616855858,-1.0083948787800194,0.4830002423458688
0.2850363963341257,0.2451086921980159,0.09995578336508792
1.6118478209240275,-1.2984585481972633,0.6800254950333153
-0.48457457048750485,0.07240123733942527,-0.2955965232449911
-1.8061616126024935,1.4681501672717734,-0.873265981671481
2.7988429812774336,-2.406828475766952,1.5662627069186184
0.8362804832945225,-0.6931883326304781,0.5221900266597563
-2.87708530631853,1.9730342809254504,-1.620459036080229
4.336121018723849,-3.159013341732915,1.9750222850436208
-2.171470947068817,1.440549824573634,-0.8648572044205136
-0.8782041095390372,0.7460642375541765,-0.6180170883750544
-2.089836409378673,1.801399222042988,-1.0451853986643345
-1.8945717723000095,1.9023728631658672,-1.0588071011917886
0.7863068505725404,-0.5539025574963944,0.3799801864057719
0.8577061422316015,-0.882559292250742,0.3511788429454952
-1.9413686854919718,1.6355458845249347,-1.0731371383394688
-1.3000031967097172,1.5890544431319493,-0.7606720782306109
-3.4490791734968935,3.181128543470085,-1.8658271649518205
2.9531798573820613,-1.764857320963387,1.3764524073319158
-1.1687961474524298,0.5748520483008671,-0.4498080340003736
-3.468115489904356,2.147892877962908,-1.5048870873621363
-2.7956997883047228,2.0272186276200563,-1.1948557154643589
-3.208392448245168,2.603126303297392,-1.7292206159414922
1.8470385086222634,-1.5282539467744223,0.8387392603141341
2.422631173139743,-1.2368424110341907,0.9997843195647191
-2.241618740176055,1.4213521972725367,-1.0598951994308208
-3.642154142247259,3.057731626517665,-1.8255680540939285
1.9876516036468292,-1.9778753069540569,1.2156519045123133
1.2137790506947927,-0.8572818634853595,0.5771195159712161
3.3622746160793753,-2.0546563468898142,1.6615539509357014
-0.6999414255420375,0.9893664537853339,-0.38813319833803384
-2.0694401788664494,1.7605784808224598,-1.280524901915563
-3.3181004771051006,2.981728782714672,-1.7837181192955724
-2.788263086833988,1.6745610061153724,-1.2458608425226747
4.007895562398477,-2.4107129061747576,1.816833275912948
-3.45992852367489,3.0291364537249654,-1.7677858902357988
-0.2293895419055073,0.07055579432582826,-0.08672699796624794
-1.2739725125257562,1.1532485242838888,-0.6915897735816778
3.071484926286713,-2.3322074687879386,1.4865156355884923
2.942672501442639,-2.7162538041340882,1.5789381052630103
1.8497576478852875,-1.5795449455186468,1.163396030944864
-1.4696306757351176,1.1432214115239803,-0.6569076285963016
-2.3978023268895643,1.93540975269973,-1.1163286522788236
-0.676919823872432,0.7697813078156978,-0.5741790755868235
0.15271436663996718,0.08970903765045735,0.04801676170747671
-3.4719835940401644,3.188939836118794,-1.9088850842359988
2.5019656615001353,-2.037001111115252,1.3523048302589467
-1.6249234195545919,1.0863047365110294,-0.6889265489010752
0.5192943899427704,-0.25348553256169437,0.14590612679341453
-0.3968678870126756,0.030211863292789798,-0.18449233577101642
-1.3135202418845235,0.7138212087978943,-0.4938270732431116
0.5564920561524996,-0.10677735333535687,0.2345611928042608
2.8180941011549927,-1.7582142610785922,1.2346393001129576
2.073560079313435,-1.4713332320933548,1.0191690503302548
2.0311522474562076,-1.6879046033006202,1.1514303079675767
-3.44537325365618,2.0744126906095968,-1.5436994918613816
2.9672223726325253,-1.9357321877984246,1.3056743772724886
2.980347373314762,-2.34842405518056,1.3127722561098505
2.700973962163684,-2.5277181350257854,1.3781781493813807
0.760958052425535,-0.43433726672375983,0.24875654684529458
-1.1519059540296075,1.3100760015312414,-0.6966849060279676
-2.1521956895698224,1.5685443731382755,-0.9890232367453744
2.007411019986729,-1.352419156155784,1.1482469022590291
4.070776274901219,-3.098325767558345,1.9954682524625227
-3.607094586750891,2.318395171741373,-1.8194918357979035
-0.4064505196295993,0.721242169860334,-0.38661208207582076
0.17869529960070074,-0.12557712827780243,0.130864921960669
-2.553569841115775,2.315584211508452,-1.4135596951957958
1.680093149858293,-0.7960106164379988,0.771354276248402
1.907175798874388,-1.842514091010287,0.9302513597234161
-1.6834717607324223,1.7688939446790752,-0.8593221784462437
-1.3916455097188938,1.2991411910800932,-0.5723432915257094
-3.655242703076761,3.3148951101588726,-1.97402931471425
2.3724282031177397,-1.416097574089242,0.9612670195367228
1.9600034664451114,-1.8408671816425053,1.0431961047858382
-1.088756662666979,0.3703137626584897,-0.30036988120930896
0.7410608408728667,-0.0491162548890709,0.13974676739414393
0.09957239665212159,-0.2630119615105575,0.13482517712419373
2.0826593051857962,-1.4110782798835484,0.9530355146326186
3.3477487238513004,-3.142757281844516,1.794654704781157
0.07070536367496794,0.13299355328629892,0.01725245087654015
-3.7085673765765774,2.227660459096522,-1.615997323765546
2.049985622918913,-2.0691619436027433,1.058754773242145
2.863437626539031,-1.8293399655914198,1.3283307958983346
-2.676036656230907,2.2660140807441413,-1.2877593096952107
-1.7799028706637212,1.1295981217730122,-0.8784928941256056
2.052662750084279,-1.5588853254581891,1.209811688171857
3.16863452450445,-2.419003505313803,1.5265168648875007
2.873921957403887,-1.5754009833072684,1.2051559771762
2.371264225691369,-1.8561246971607752,0.9796814632729345
3.6138760270552766,-2.5148531461683277,1.9985960630939883
0.9953676527719999,-1.340869936955909,0.6668337121855594
-0.9183602562548688,0.6506935588170828,-0.5286143379525665
2.1136450622491676,-1.800565318594371,1.182339394939366
1.5670240871390009,-1.178489971493999,0.8081364734956162
-3.6375515517511445,2.599078132594524,-1.8881700295682031
3.3375932351939834,-3.252353771914727,1.8362792757644568
2.3908805633937296,-1.4213684005981415,1.2393791127264069
-0.9525037457374028,0.5550929665826705,-0.5265216766708867
-0.6940588801807216,0.4497865250506279,-0.3770664813660667
4.230612986117751,-2.5547937242496674,1.9727720512750064
-3.561362478598924,2.9079484411739434,-1.8381092609014194
3.1887896887806617,-2.031503614972689,1.6075310870391797
1.4574304558231748,-1.2706956766158113,0.681697765918075
